,label
4,1
5,1
6,1
7,1
8,0
10,1
11,1
13,1
14,0
15,0
16,0
17,0
18,1
19,1
20,0
21,1
22,1
23,1
24,0
26,1
27,1
28,0
30,0
31,1
35,1
36,1
37,1
38,0
39,1
40,0
42,1
43,1
44,1
45,1
46,0
47,1
48,1
49,1
50,1
51,1
53,0
57,1
59,1
60,0
64,1
65,1
66,1
67,1
68,1
69,1
70,1
71,0
72,0
75,0
76,1
77,1
81,1
82,1
85,1
86,1
87,1
88,1
89,1
90,1
91,1
93,0
94,1
95,0
96,1
97,1
98,1
99,1
100,0
101,0
103,1
104,1
105,1
106,0
107,1
108,1
109,1
110,1
111,1
113,1
114,1
115,1
119,0
120,1
121,1
122,0
124,1
125,1
126,1
128,0
129,0
130,1
131,1
132,1
133,1
134,0
136,0
137,1
138,1
139,1
140,1
141,1
142,1
143,1
144,1
145,0
146,1
147,1
148,0
149,1
152,1
153,1
154,1
155,1
156,1
157,1
159,1
160,1
161,1
162,0
163,1
164,1
165,1
167,1
168,1
169,1
171,1
173,1
174,1
175,1
177,0
178,1
179,0
180,1
181,1
182,1
183,1
185,1
186,0
187,1
188,1
189,1
190,1
191,1
192,1
197,1
198,1
199,1
200,1
201,1
202,1
204,1
205,1
206,1
207,0
208,1
209,1
212,1
213,0
214,1
215,0
217,1
218,1
219,1
220,1
221,1
222,1
223,1
224,1
226,1
227,1
228,1
229,1
232,1
233,1
234,1
235,1
236,0
239,1
242,1
244,1
245,1
246,1
247,1
248,1
249,1
250,1
251,1
252,1
254,1
255,1
256,1
257,0
258,1
259,1
260,1
264,1
267,0
268,1
270,1
271,0
272,1
274,1
275,0
276,1
277,0
278,1
279,0
280,1
281,1
282,1
283,1
284,1
285,0
286,1
288,0
289,1
290,0
291,1
292,1
293,1
294,1
295,1
296,1
298,1
299,1
300,1
301,1
302,1
303,1
305,1
306,1
307,1
308,1
309,1
310,1
311,1
312,0
313,1
314,1
315,1
317,1
320,1
321,0
322,0
323,0
324,0
325,0
328,0
329,0
331,0
332,0
334,0
335,0
336,1
337,1
339,1
340,0
341,0
343,1
344,1
345,1
347,0
350,1
351,0
352,0
353,0
354,1
355,1
356,1
357,0
358,1
359,1
360,0
361,1
362,0
365,0
366,0
367,0
369,0
370,0
371,0
372,0
374,0
375,1
376,1
377,1
378,1
379,1
380,1
382,1
383,1
384,0
385,1
386,0
387,0
388,0
390,0
391,1
392,0
393,1
394,0
395,1
396,1
399,0
400,0
401,0
402,0
403,1
406,0
408,1
410,1
411,1
413,1
414,1
415,0
416,0
417,1
419,1
420,1
421,1
422,1
423,0
424,0
425,0
426,0
427,0
428,0
432,1
433,1
434,1
436,0
437,1
438,1
440,1
441,0
442,1
443,0
444,0
446,0
447,1
448,0
449,0
450,1
451,0
452,0
454,0
455,1
459,0
460,0
461,0
462,0
463,0
467,1
468,1
470,1
471,1
472,0
474,0
476,1
477,1
478,1
480,0
481,1
482,1
483,0
484,1
485,1
487,1
488,1
490,0
491,1
492,0
493,0
494,0
495,0
496,1
497,1
498,1
501,1
503,0
504,0
505,1
506,0
507,1
509,1
510,0
511,0
512,0
513,0
514,0
515,1
517,0
519,1
522,1
523,1
524,0
525,1
526,0
527,0
528,0
529,0
530,1
531,1
532,1
533,1
534,0
535,1
536,0
538,1
539,0
540,1
541,0
542,1
543,1
544,0
545,0
546,0
547,0
548,1
549,1
550,0
552,1
553,1
554,1
555,1
556,1
558,1
559,1
560,1
562,1
564,1
566,1
567,1
568,1
569,0
571,0
573,1
574,0
575,0
576,1
577,1
578,0
580,0
581,0
583,0
584,0
585,1
586,1
587,1
588,1
589,1
590,1
591,0
592,0
593,1
594,0
595,1
596,1
597,0
598,1
599,1
600,0
601,0
602,0
603,0
604,0
605,1
606,1
608,1
609,1
610,1
613,0
615,1
618,1
619,0
620,1
623,0
624,1
627,1
628,1
629,1
630,1
633,0
634,0
636,0
638,0
639,0
641,0
642,1
643,0
645,1
646,1
647,0
648,1
649,1
651,0
652,1
653,1
654,0
655,1
656,0
657,0
658,0
659,0
660,0
661,0
662,0
663,0
664,1
665,1
666,1
667,1
669,1
670,1
671,1
674,1
681,1
682,1
683,1
684,1
685,1
689,1
690,1
691,1
692,1
693,1
695,1
697,0
699,0
700,1
701,1
704,1
705,1
706,1
707,1
708,1
709,0
710,1
711,1
712,1
713,1
714,1
715,1
717,0
718,0
720,0
723,1
724,1
725,1
726,0
727,1
728,1
730,1
731,0
733,1
734,1
735,1
736,1
737,0
738,0
739,1
740,0
742,0
743,1
745,1
747,1
749,1
750,1
751,0
752,0
753,0
754,0
755,1
756,1
757,1
758,1
759,1
760,1
761,1
762,1
763,1
764,0
766,0
767,1
768,0
769,0
771,0
772,0
773,1
774,0
775,0
776,1
777,0
778,1
779,0
780,0
781,0
782,1
783,1
784,1
785,0
787,1
788,0
790,0
791,0
792,0
793,0
795,0
796,0
797,0
798,1
799,0
800,1
801,0
802,1
803,1
804,0
805,1
806,0
808,0
810,1
811,0
813,1
814,0
815,0
817,1
818,0
819,0
820,1
823,0
826,0
827,1
828,1
829,1
831,0
833,1
834,1
835,0
836,0
837,1
838,0
839,0
840,0
841,0
844,0
845,0
848,1
849,1
850,1
851,1
852,1
854,1
855,1
856,1
857,1
858,1
859,0
861,1
865,1
868,1
869,0
870,1
871,1
872,1
873,1
874,1
875,1
876,1
877,1
880,1
881,1
883,0
884,0
885,1
887,0
890,1
891,1
892,1
893,1
894,0
895,1
897,1
898,0
899,1
900,1
901,1
902,1
903,1
905,1
906,0
908,1
909,1
910,0
911,1
913,1
914,1
916,1
917,0
918,0
919,0
921,1
923,0
924,0
925,0
926,1
927,1
928,1
929,1
930,1
931,1
933,1
934,1
935,0
936,0
937,0
938,1
939,0
940,0
941,0
942,0
943,0
945,0
947,0
948,1
949,1
950,1
951,0
952,0
954,0
955,0
957,0
959,0
960,1
961,0
963,0
964,1
965,1
967,0
968,0
969,1
972,1
973,1
974,0
977,1
978,1
979,1
980,0
981,0
982,0
986,1
987,1
988,1
989,1
990,1
991,1
992,1
993,1
994,1
996,1
997,1
998,1
1000,1
1005,0
1006,1
1007,1
1009,1
1011,1
1012,1
1013,1
1015,0
1016,0
1017,1
1019,1
1020,1
1021,1
1022,1
1023,1
1026,0
1027,1
1028,1
1029,1
1031,1
1032,1
1033,0
1036,1
1037,1
1038,1
1039,1
1043,1
1044,1
1045,1
1046,0
1047,0
1048,0
1050,0
1051,0
1052,0
1054,1
1055,0
1056,1
1057,1
1058,1
1059,1
1061,1
1062,0
1063,0
1066,1
1068,1
1069,1
1070,1
1071,1
1072,1
1074,1
1075,1
1077,1
1079,1
1081,1
1083,0
1084,1
1085,0
1087,0
1088,0
1089,1
1090,1
1091,0
1092,0
1095,1
1096,1
1098,1
1099,1
1100,1
1102,1
1103,0
1104,1
1106,0
1107,1
1108,1
1109,1
1110,1
1111,0
1114,0
1115,1
1118,1
1119,1
1124,0
1126,1
1128,1
1129,0
1130,1
1131,0
1133,0
1134,1
1135,1
1140,1
1141,0
1142,1
1143,1
1144,0
1145,1
1146,1
1147,0
1148,1
1149,1
1150,1
1151,1
1152,1
1153,1
1155,0
1156,1
1157,1
1158,1
1160,1
1161,1
1163,1
1164,1
1165,0
1167,1
1169,1
1170,1
1171,1
1172,1
1173,1
1175,1
1176,0
1177,0
1178,1
1179,1
1180,0
1186,1
1187,1
1188,1
1190,0
1191,1
1192,1
1193,0
1194,1
1195,1
1197,1
1198,1
1199,1
1202,0
1203,0
1205,1
1206,0
1208,0
1211,1
1212,1
1213,1
1214,1
1216,1
1217,1
1219,1
1220,1
1223,1
1225,0
1226,0
1229,0
1230,0
1231,1
1232,1
1233,1
1234,1
1235,1
1236,1
1237,1
1238,1
1239,1
1240,1
1241,1
1243,0
1245,1
1246,0
1247,1
1249,1
1250,0
1251,1
1252,1
1255,0
1256,0
1259,1
1262,0
1263,1
1264,0
1265,1
1266,1
1267,1
1268,1
1271,1
1272,1
1273,1
1274,1
1275,1
1276,1
1277,0
1279,0
1282,0
1283,1
1285,1
1287,1
1288,0
1289,1
1290,1
1292,1
1293,0
1294,0
1295,0
1296,0
1297,0
1301,1
1303,1
1304,1
1306,1
1308,1
1309,1
1310,1
1313,0
1314,0
1316,0
1318,1
1320,0
1321,1
1322,1
1323,0
1324,1
1325,1
1327,1
1328,1
1329,1
1330,1
1331,0
1332,1
1333,1
1334,1
1337,1
1338,0
1340,0
1341,1
1342,1
1343,1
1344,1
1345,1
1348,1
1349,1
1351,1
1352,1
1353,1
1354,1
1355,0
1357,1
1358,1
1359,1
1361,1
1364,0
1366,1
1367,1
1369,1
1372,1
1373,1
1374,1
1375,1
1376,1
1377,1
1378,1
1382,1
1383,1
1384,1
1385,1
1386,1
1387,1
1391,1
1392,1
1393,1
1394,1
1395,1
1396,0
1397,1
1399,1
1400,1
1402,1
1403,1
1405,1
1406,0
1407,1
1409,1
1411,1
1413,1
1414,1
1415,1
1417,1
1418,0
1420,1
1422,1
1424,1
1425,1
1426,1
1427,1
1430,1
1432,1
1433,1
1434,1
1435,1
1436,1
1437,1
1438,1
1439,1
1440,1
1441,1
1442,1
1445,1
1446,1
1447,1
1449,1
1450,1
1453,1
1455,1
1456,1
1458,1
1459,1
1460,1
1461,1
1462,1
1463,0
1464,1
1465,1
1466,1
1467,1
1468,1
1469,1
1470,1
1472,1
1474,1
1475,1
1476,1
1477,1
1478,1
1479,1
1480,1
1481,1
1482,1
1483,1
1485,1
1486,1
1487,1
1488,1
1489,1
1493,1
1494,1
1495,1
1497,1
1498,1
1499,1
1500,1
1501,1
1505,1
1506,1
1507,1
1510,1
1511,1
1512,1
1513,1
1514,1
1516,1
1517,1
1518,1
1519,0
1520,1
1521,1
1522,0
1523,1
1524,1
1525,0
1526,1
1527,1
1528,1
1529,1
1530,1
1532,0
1534,1
1536,1
1537,1
1539,1
1540,1
1541,1
1542,1
1543,1
1544,1
1545,1
1546,1
1547,0
1548,1
1551,1
1554,0
1555,1
1556,1
1557,1
1558,1
1559,1
1560,1
1561,1
1563,1
1564,1
1565,1
1566,1
1568,1
1569,0
1570,1
1571,0
1574,1
1575,1
1576,1
1577,1
1578,1
1580,1
1582,0
1583,1
1584,1
1586,1
1587,1
1588,1
1589,1
1590,1
1592,1
1593,1
1594,1
1595,1
1598,1
1599,1
1600,1
1601,1
1604,0
1605,1
1606,1
1607,1
1610,1
1611,1
1612,1
1615,0
1616,0
1619,1
1620,1
1621,0
1622,1
1623,0
1624,1
1627,0
1628,1
1629,1
1630,1
1632,0
1633,1
1634,1
1635,0
1637,1
1638,1
1639,1
1644,1
1645,1
1647,1
1648,1
1651,1
1652,1
1656,1
1657,1
1658,1
1660,1
1661,1
1662,1
1663,1
1665,1
1666,1
1667,1
1668,1
1669,0
1670,1
1671,1
1674,1
1675,1
1676,1
1677,1
1679,1
1680,1
1681,1
1683,1
1684,1
1686,1
1687,1
1688,1
1689,1
1690,1
1694,1
1695,1
1696,1
1697,1
1698,1
1700,1
1701,1
1702,1
1703,1
1704,0
1705,1
1707,1
1708,1
1709,0
1710,1
1712,1
1714,1
1715,1
1720,1
1721,1
1722,1
1726,0
1729,1
1730,1
1731,1
1732,1
1733,1
1734,1
1737,1
1739,1
1744,1
1745,1
1746,1
1747,1
1748,1
1749,1
1750,1
1751,1
1752,0
1753,1
1755,1
1756,1
1757,1
1758,1
1760,1
1761,1
1762,1
1765,1
1766,1
1767,1
1768,1
1769,1
1770,1
1771,1
1772,1
1775,0
1777,1
1779,0
1780,0
1781,1
1782,1
1783,1
1785,0
1786,1
1787,0
1788,0
1789,1
1790,1
1792,1
1793,1
1795,1
1796,1
1797,1
1798,1
1800,1
1801,1
1802,1
1803,1
1804,1
1805,1
1809,1
1812,1
1813,1
1815,1
1816,0
1817,1
1819,1
1820,1
1821,1
1822,0
1823,1
1828,1
1829,1
1830,1
1833,1
1834,1
1835,1
1836,1
1837,1
1838,1
1839,1
1840,1
1841,1
1842,1
1843,1
1844,1
1847,1
1850,1
1851,1
1852,1
1853,1
1855,1
1856,1
1857,1
1860,1
1861,1
1862,1
1864,1
1865,1
1866,1
1868,0
1869,0
1872,1
1874,1
1876,1
1877,1
1878,0
1879,1
1880,1
1882,1
1883,1
1885,1
1886,1
1888,1
1892,1
1893,1
1894,1
1896,1
1897,1
1898,1
1899,1
1901,1
1902,1
1903,1
1906,0
1907,1
1908,0
1909,1
1910,1
1911,1
1912,1
1913,1
1914,1
1916,1
1919,1
1921,0
1922,1
1924,1
1925,1
1926,1
1927,1
1928,1
1929,1
1930,1
1932,1
1933,1
1938,1
1939,1
1940,1
1941,1
1942,1
1943,1
1944,1
1945,1
1946,1
1947,1
1950,1
1951,1
1954,1
1955,1
1956,1
1959,1
1962,1
1963,1
1964,1
1965,1
1970,0
1971,1
1972,1
1975,1
1976,1
1980,1
1981,1
1984,0
1986,1
1989,1
1991,0
1992,0
1993,1
1994,1
1995,1
1996,1
1997,1
1998,0
1999,1
2000,0
2001,1
2003,1
2004,1
2005,1
2008,0
2009,1
2010,0
2011,1
2013,1
2015,1
2020,1
2021,1
2022,1
2023,1
2024,1
2025,1
2026,1
2027,1
2028,1
2029,1
2031,1
2032,1
2033,0
2034,0
2035,0
2037,1
2039,0
2041,1
2042,1
2045,1
2046,1
2047,1
2048,1
2049,0
2050,0
2051,0
2052,1
2056,1
2057,0
2059,1
2060,1
2062,1
2063,1
2064,1
2066,1
2067,1
2070,0
2071,0
2072,0
2073,0
2079,1
2080,1
2081,1
2083,1
2084,0
2085,0
2086,1
2087,1
2090,1
2091,1
2093,1
2094,1
2095,1
2096,1
2097,0
2098,0
2103,0
2104,1
2105,1
2106,1
2108,1
2109,1
2112,1
2113,1
2114,1
2115,1
2116,1
2119,1
2120,0
2121,1
2123,0
2124,1
2125,1
2126,1
2128,1
2129,0
2132,1
2133,0
2135,1
2136,0
2137,1
2138,1
2139,1
2140,0
2141,0
2143,0
2144,0
2145,1
2146,1
2148,1
2149,0
2151,1
2152,1
2153,1
2154,1
2156,1
2157,1
2158,0
2160,1
2161,0
2165,1
2166,1
2167,1
2169,1
2170,0
2171,1
2172,1
2173,1
2174,1
2175,1
2181,0
2184,1
2185,1
2186,1
2188,1
2189,0
2190,0
2191,0
2193,1
2194,1
2195,1
2196,1
2197,0
2203,0
2204,0
2205,1
2207,0
2208,0
2209,0
2210,1
2211,1
2212,1
2214,1
2215,1
2216,1
2217,0
2218,0
2220,1
2223,0
2225,1
2226,0
2227,1
2228,1
2229,1
2230,1
2233,1
2235,0
2236,1
2237,1
2239,1
2240,0
2242,1
2243,0
2245,0
2246,1
2249,0
2255,0
2257,1
2259,1
2260,0
2261,1
2262,1
2263,0
2264,1
2265,0
2266,1
2268,1
2269,1
2270,1
2271,1
2272,0
2273,1
2274,1
2277,1
2279,1
2280,0
2281,1
2283,1
2285,1
2287,0
2290,1
2291,1
2294,0
2295,0
2297,0
2300,1
2301,1
2302,1
2303,1
2304,0
2305,1
2306,1
2308,0
2309,1
2310,1
2311,1
2312,1
2313,0
2314,1
2315,0
2316,1
2317,1
2320,1
2321,1
2322,1
2323,0
2324,0
2325,1
2326,1
2327,1
2328,0
2329,1
2331,1
2332,1
2333,1
2336,0
2337,0
2338,0
2339,0
2340,1
2341,0
2343,1
2344,1
2346,0
2348,1
2352,1
2353,1
2354,1
2355,1
2356,1
2357,1
2358,0
2360,1
2361,0
2362,0
2363,1
2365,1
2368,0
2369,0
2371,1
2372,0
2373,0
2375,1
2376,1
2377,0
2378,0
2382,0
2383,0
2385,1
2395,0
2396,1
2397,1
2398,1
2400,1
2401,1
2402,0
2407,0
2409,1
2410,1
2413,0
2414,1
2415,1
2416,1
2417,1
2418,1
2419,1
2420,1
2421,0
2423,1
2424,0
2425,0
2426,1
2427,1
2428,1
2429,1
2431,1
2434,1
2435,0
2436,1
2438,1
2439,1
2440,1
2442,0
2444,0
2445,0
2446,1
2447,1
2448,0
2450,1
2452,0
2453,1
2454,1
2459,1
2460,1
2461,1
2462,0
2464,1
2465,1
2466,1
2467,0
2468,0
2470,0
2471,1
2476,1
2477,0
2478,0
2479,0
2480,0
2481,1
2482,1
2486,1
2487,1
2489,1
2490,1
2492,0
2494,1
2496,0
2497,1
2498,1
2499,0
2500,1
2501,1
2502,0
2503,1
2505,0
2506,0
2507,0
2509,1
2510,0
2511,0
2513,1
2514,1
2517,1
2518,1
2519,1
2520,1
2522,1
2523,1
2525,0
2526,1
2527,1
2529,1
2530,0
2531,0
2532,1
2534,0
2536,1
2537,1
2538,0
2539,0
2540,0
2541,1
2543,0
2544,0
2545,1
2546,1
2549,0
2550,0
2551,1
2553,0
2555,0
2556,0
2557,1
2558,1
2559,0
2560,0
2561,1
2562,1
2563,1
2564,0
2565,0
2566,0
2567,0
2568,1
2569,0
2570,1
2571,1
2574,1
2575,1
2576,0
2577,1
2579,1
2581,1
2584,0
2585,1
2586,1
2587,1
2588,1
2589,0
2590,0
2592,1
2593,0
2594,1
2597,1
2598,1
2599,1
2601,1
2602,0
2603,0
2604,1
2608,1
2609,1
2611,0
2612,0
2613,1
2614,1
2615,1
2616,1
2621,1
2622,1
2623,1
2624,1
2626,1
2629,1
2630,1
2631,0
2632,0
2633,1
2637,1
2638,1
2640,0
2642,1
2643,0
2646,1
2647,1
2648,1
2649,1
2650,1
2651,0
2652,0
2653,0
2654,1
2655,0
2656,0
2657,0
2659,1
2660,1
2663,0
2664,0
2665,1
2669,1
2670,1
2672,1
2673,1
2675,1
2676,0
2677,1
2678,0
2680,1
2681,1
2682,1
2684,1
2686,0
2687,1
2690,1
2691,0
2692,0
2693,1
2694,1
2695,1
2696,1
2697,1
2699,1
2700,0
2701,1
2703,0
2704,1
2705,1
2706,1
2707,1
2708,0
2709,0
2711,1
2714,1
2715,1
2716,1
2717,1
2719,1
2720,0
2721,0
2722,1
2723,1
2725,1
2726,1
2727,1
2729,1
2731,1
2732,0
2733,1
2735,1
2736,1
2737,1
2738,1
2740,1
2741,0
2742,0
2745,0
2748,0
2749,1
2750,1
2751,1
2755,1
2756,1
2758,0
2761,0
2762,0
2764,1
2765,1
2767,1
2768,0
2770,0
2772,1
2774,1
2775,1
2776,0
2778,0
2779,1
2780,0
2781,0
2782,0
2784,0
2785,1
2786,1
2788,0
2790,1
2794,1
2795,1
2797,0
2798,0
2799,0
2800,1
2801,1
2802,0
2803,1
2804,0
2805,1
2807,1
2813,0
2814,1
2815,0
2816,1
2818,1
2819,0
2822,1
2824,0
2825,1
2826,0
2829,0
2831,1
2832,1
2834,0
2835,1
2836,1
2837,1
2839,1
2840,1
2841,0
2842,0
2843,0
2845,1
2848,0
2851,1
2852,1
2853,0
2854,1
2855,0
2856,0
2857,1
2858,1
2860,1
2861,0
2864,1
2865,1
2866,0
2868,1
2869,1
2870,0
2871,1
2872,1
2873,1
2874,0
2878,1
2880,1
2882,1
2883,1
2884,1
2885,1
2886,0
2887,1
2888,1
2889,1
2890,1
2891,1
2893,1
2894,0
2897,1
2898,0
2899,1
2900,1
2901,1
2902,0
2903,1
2904,1
2905,1
2907,0
2908,0
2911,1
2912,1
2914,1
2915,0
2918,0
2922,0
2925,1
2926,1
2930,1
2931,0
2932,1
2933,1
2935,1
2936,0
2937,1
2941,0
2944,1
2945,1
2946,1
2951,1
2954,0
2955,1
2956,1
2958,1
2959,0
2960,0
2961,1
2962,1
2963,0
2964,1
2965,0
2970,1
2971,0
2972,0
2973,1
2974,1
2975,1
2976,1
2977,0
2979,0
2980,1
2981,0
2982,1
2983,1
2989,0
2991,1
2993,1
2994,1
2997,0
2998,1
2999,0
3000,1
3004,1
3005,0
3007,0
3008,1
3009,1
3010,1
3011,1
3012,1
3014,1
3016,1
3017,1
3018,0
3020,1
3021,1
3022,1
3023,1
3026,0
3028,1
3029,1
3030,1
3031,0
3032,1
3033,1
3034,0
3035,0
3036,1
3041,0
3042,1
3046,1
3047,1
3048,1
3050,1
3051,1
3053,1
3055,1
3056,1
3059,0
3060,1
3062,1
3064,1
3065,1
3066,1
3068,1
3070,1
3071,1
3072,1
3073,1
3074,1
3075,1
3076,1
3077,1
3078,0
3079,1
3081,0
3082,0
3083,1
3084,0
3085,1
3086,1
3088,1
3089,1
3090,0
3091,1
3094,1
3095,1
3096,1
3097,1
3098,1
3102,0
3105,1
3106,1
3107,1
3109,1
3110,0
3111,1
3113,1
3114,1
3115,1
3116,1
3117,1
3118,1
3119,1
3120,1
3121,1
3122,1
3124,1
3126,1
3127,1
3128,0
3129,0
3130,1
3132,1
3133,1
3134,1
3135,1
3136,1
3138,0
3139,0
3140,1
3141,1
3142,0
3144,1
3145,1
3146,1
3147,1
3148,1
3150,1
3151,1
3153,0
3154,1
3155,1
3156,1
3157,1
3158,1
3159,1
3160,1
3161,1
3163,0
3164,1
3165,0
3166,1
3167,1
3168,1
3169,1
3170,1
3171,0
3172,1
3173,1
3175,1
3176,1
3177,1
3180,1
3181,1
3182,0
3184,1
3186,1
3187,0
3191,1
3192,1
3193,1
3195,0
3196,0
3198,1
3199,0
3200,0
3201,1
3202,1
3204,1
3205,1
3206,1
3209,0
3213,1
3214,1
3215,0
3216,1
3217,0
3218,0
3220,0
3222,1
3223,1
3224,1
3225,1
3226,0
3228,1
3230,1
3231,0
3232,1
3234,1
3235,0
3237,1
3238,1
3239,0
3241,1
3242,0
3243,1
3246,1
3247,1
3250,1
3252,1
3253,1
3254,1
3257,0
3262,0
3265,0
3266,0
3267,1
3268,1
3270,0
3271,0
3272,1
3276,1
3277,1
3278,1
3279,1
3280,1
3282,1
3283,0
3284,1
3287,0
3288,1
3289,1
3291,1
3292,1
3293,0
3294,0
3296,1
3297,1
3299,0
3301,1
3302,1
3303,1
3304,0
3305,0
3306,0
3308,1
3309,1
3310,1
3311,1
3315,1
3316,1
3317,1
3320,1
3321,1
3322,1
3324,0
3325,0
3326,1
3327,1
3328,1
3329,1
3330,0
3331,0
3332,1
3333,1
3334,1
3335,1
3336,1
3337,0
3338,0
3341,1
3343,1
3344,1
3345,1
3346,1
3347,1
3348,0
3349,1
3350,1
3351,1
3354,0
3355,1
3356,1
3361,1
3363,0
3364,0
3367,0
3369,1
3370,1
3371,1
3373,0
3374,0
3377,0
3379,1
3380,1
3381,1
3383,0
3384,0
3385,1
3389,1
3393,1
3394,1
3395,1
3397,1
3398,0
3400,1
3401,1
3402,0
3403,1
3404,0
3405,1
3406,1
3407,1
3408,0
3409,1
3410,1
3411,1
3412,1
3414,0
3415,1
3416,1
3417,1
3418,0
3419,1
3420,1
3422,1
3423,1
3424,1
3428,1
3429,1
3430,1
3431,0
3432,1
3433,1
3437,0
3438,0
3439,0
3440,1
3443,1
3444,1
3445,0
3447,1
3448,1
3449,0
3450,1
3451,1
3452,1
3454,1
3456,0
3461,1
3462,1
3464,1
3465,0
3466,1
3467,1
3468,1
3469,0
3470,1
3471,1
3472,0
3473,1
3474,1
3475,0
3476,1
3477,0
3481,1
3482,1
3483,0
3485,0
3486,0
3487,1
3488,1
3489,0
3490,0
3492,1
3494,1
3495,1
3496,1
3497,1
3498,1
3500,0
3501,1
3502,1
3503,1
3506,1
3507,1
3509,1
3510,1
3512,1
3513,0
3514,0
3515,1
3517,0
3519,1
3521,1
3522,0
3523,1
3524,1
3525,1
3526,1
3527,1
3529,0
3531,0
3533,1
3535,0
3536,1
3537,1
3538,1
3539,0
3540,1
3541,1
3542,1
3546,0
3548,1
3549,1
3550,1
3551,0
3552,1
3553,0
3554,1
3555,1
3557,0
3558,0
3559,1
3560,0
3561,1
3562,1
3563,1
3564,1
3565,1
3566,0
3567,0
3568,1
3569,0
3570,1
3571,1
3572,1
3573,0
3574,1
3575,1
3576,1
3577,1
3578,1
3579,0
3580,1
3581,1
3583,1
3584,1
3585,1
3593,1
3594,1
3595,1
3601,1
3606,1
3607,1
3608,1
3609,0
3610,1
3611,1
3612,0
3615,1
3616,1
3617,1
3618,1
3620,0
3621,1
3622,0
3623,1
3625,0
3626,1
3627,1
3628,1
3630,0
3631,0
3635,0
3636,0
3637,0
3638,1
3639,0
3641,0
3644,0
3646,1
3647,1
3648,1
3649,0
3650,0
3651,1
3652,0
3653,0
3654,0
3655,0
3656,0
3657,1
3659,0
3660,0
3661,0
3664,1
3666,1
3667,1
3669,0
3670,0
3671,0
3672,0
3678,0
3679,0
3681,1
3682,0
3684,1
3685,0
3686,1
3687,0
3688,0
3690,0
3691,0
3693,1
3694,0
3695,0
3696,0
3697,0
3698,1
3699,0
3701,1
3702,0
3703,0
3704,0
3706,0
3707,0
3708,1
3709,1
3710,0
3712,0
3714,1
3715,1
3716,0
3717,0
3720,0
3721,1
3723,0
3726,0
3727,1
3729,1
3731,1
3732,0
3733,0
3734,0
3736,0
3739,0
3740,0
3743,1
3745,0
3746,0
3747,1
3748,0
3750,0
3751,0
3752,0
3753,0
3754,1
3755,1
3756,0
3757,0
3759,1
3762,1
3763,1
3764,0
3765,1
3766,1
3769,0
3771,0
3772,0
3774,0
3775,0
3776,0
3777,0
3778,0
3779,0
3780,0
3782,0
3783,0
3784,0
3785,0
3786,0
3788,0
3790,0
3792,0
3793,1
3794,0
3795,1
3796,0
3797,0
3798,0
3800,0
3801,1
3802,0
3803,0
3805,1
3806,0
3809,1
3810,1
3812,1
3815,0
3816,1
3817,1
3818,1
3819,0
3820,0
3821,0
3822,0
3824,0
3825,0
3829,0
3830,0
3831,0
3833,0
3834,1
3835,0
3838,1
3840,1
3841,0
3843,0
3844,0
3848,0
3849,0
3851,0
3852,0
3853,0
3855,0
3856,1
3857,0
3859,0
3860,0
3861,0
3862,0
3863,0
3864,0
3866,0
3868,1
3870,0
3872,0
3873,0
3874,0
3875,0
3877,0
3879,0
3880,0
3887,0
3888,0
3889,1
3891,0
3892,0
3894,0
3896,1
3897,0
3898,0
3899,0
3901,0
3902,1
3905,0
3906,1
3907,0
3909,0
3912,0
3913,0
3915,0
3916,0
3917,1
3918,1
3919,0
3920,1
3925,0
3928,0
3932,0
3933,1
3934,0
3935,0
3936,0
3937,0
3938,0
3939,1
3941,0
3942,0
3944,1
3946,0
3947,0
3949,0
3950,1
3953,0
3955,0
3956,0
3957,0
3960,0
3962,1
3963,1
3964,0
3966,0
3968,0
3969,0
3970,0
3972,0
3974,0
3975,0
3976,0
3977,1
3978,1
3979,0
3980,1
3983,1
3984,0
3985,0
3986,0
3987,1
3988,1
3990,0
3992,0
3993,0
3996,0
3998,0
3999,0
4000,0
4001,0
4003,0
4005,1
4008,0
4009,0
4011,0
4012,0
4013,1
4014,0
4015,1
4018,0
4019,1
4020,1
4022,0
4023,1
4025,0
4026,1
4027,0
4028,0
4029,0
4030,0
4031,0
4036,0
4038,0
4040,0
4042,0
4043,1
4045,0
4046,0
4048,0
4050,0
4052,1
4053,1
4054,1
4055,1
4059,0
4060,0
4063,0
4065,1
4066,1
4067,1
4068,1
4069,0
4070,0
4073,0
4074,0
4078,1
4079,0
4080,1
4081,1
4082,0
4083,0
4086,1
4087,0
4092,0
4093,1
4096,0
4098,0
4100,0
4101,0
4102,1
4103,1
4104,1
4106,0
4107,0
4110,1
4111,1
4115,0
4117,0
4118,0
4119,0
4122,1
4123,1
4125,0
4126,0
4127,1
4128,0
4129,0
4130,0
4131,0
4133,0
4134,0
4135,0
4138,1
4139,0
4142,0
4143,0
4145,0
4146,0
4148,1
4151,1
4152,1
4155,1
4156,0
4157,1
4159,0
4163,0
4167,1
4169,1
4170,0
4171,1
4174,0
4175,0
4178,1
4180,0
4181,0
4182,0
4183,0
4184,0
4186,0
4187,0
4189,0
4194,0
4196,1
4198,0
4201,1
4202,0
4203,1
4204,0
4205,1
4206,1
4208,0
4209,0
4210,0
4213,0
4214,0
4215,1
4217,0
4220,0
4230,0
4231,0
4232,0
4233,0
4234,0
4236,0
4239,0
4241,0
4245,0
4246,0
4249,0
4252,1
4253,0
4254,0
4258,1
4261,0
4262,0
4263,1
4264,0
4267,0
4268,0
4269,0
4274,1
4280,0
4281,0
4282,0
4284,1
4285,0
4286,1
4288,0
4289,1
4290,0
4293,0
4294,1
4295,0
4297,0
4298,0
4302,0
4303,0
4304,0
4308,0
4309,0
4318,1
4320,1
4321,0
4325,0
4332,0
4334,0
4335,0
4336,0
4337,0
4340,0
4341,0
4342,1
4347,0
4348,0
4350,0
4353,0
4354,0
4355,0
4357,0
4358,0
4359,1
4360,0
4362,0
4364,1
4369,0
4371,0
4372,1
4373,0
4374,1
4375,0
4376,0
4377,1
4380,0
4384,0
4385,0
4387,0
4389,0
4390,0
4392,0
4393,0
4396,0
4397,0
4398,0
4400,0
4404,1
4405,0
4406,0
4408,0
4409,0
4410,0
4412,0
4420,0
4421,0
4423,0
4425,0
4428,0
4430,0
4431,0
4433,0
4436,0
4437,0
4445,0
4447,0
4450,0
4453,0
4454,0
4457,0
4459,0
4463,0
4465,0
4466,0
4467,0
4468,0
4469,0
4471,0
4472,0
4473,0
4474,0
4475,0
4476,0
4477,0
4480,0
4481,0
4482,0
4483,0
4486,1
4487,1
4488,0
4489,0
4490,0
4492,0
4493,0
4494,0
4496,1
4497,0
4499,0
4506,0
4508,1
4509,1
4510,1
4511,0
4515,0
4518,0
4524,0
4525,1
4526,0
4527,1
4531,1
4533,0
4534,0
4536,0
4540,0
4542,0
4543,0
4545,0
4546,0
4550,1
4552,0
4553,0
4557,1
4558,0
4565,0
4567,1
4568,1
4570,1
4572,0
4573,1
4578,0
4580,0
4582,0
4583,0
4584,0
4588,1
4589,1
4595,0
4601,0
4603,0
4606,1
4609,0
4610,0
4613,0
4614,1
4615,0
4616,1
4617,0
4620,0
4621,0
4624,0
4627,0
4628,0
4629,0
4631,0
4634,1
4635,0
4636,1
4637,0
4638,0
4639,0
4640,0
4641,0
4642,0
4643,0
4646,0
4649,1
4650,0
4653,0
4654,0
4655,1
4658,0
4662,0
4663,0
4667,0
4669,0
4671,0
4672,0
4673,0
4674,1
4675,0
4678,0
4679,0
4681,0
4685,0
4687,0
4688,0
4689,0
4690,0
4691,0
4692,1
4693,0
4696,1
4700,1
4701,0
4705,0
4706,0
4710,0
4711,0
4712,0
4714,1
4719,0
4720,0
4722,1
4723,0
4725,0
4726,1
4728,0
4729,0
4730,0
4731,0
4734,0
4735,0
4738,1
4739,0
4740,0
4742,0
4745,0
4748,0
4751,0
4752,0
4753,0
4755,0
4756,0
4759,0
4762,0
4765,0
4766,1
4768,0
4769,0
4771,0
4773,0
4774,0
4776,0
4780,0
4781,0
4782,0
4786,1
4787,0
4790,0
4793,0
4795,0
4796,0
4797,1
4801,0
4802,0
4803,1
4804,1
4806,1
4807,0
4810,0
4811,0
4813,0
4816,0
4817,0
4821,0
4823,0
4824,1
4825,1
4826,1
4827,0
4828,0
4833,0
4834,0
4836,0
4838,0
4839,0
4841,0
4842,0
4844,0
4845,0
4846,0
4847,0
4848,0
4851,0
4852,0
4854,0
4856,0
4857,0
4858,0
4862,0
4863,0
4866,0
4867,0
4868,0
4869,0
4870,0
4871,0
4872,1
4873,0
4874,0
4876,1
4877,0
4880,0
4882,0
4883,1
4885,1
4887,0
4888,0
4889,0
4891,0
4892,0
4895,0
4897,0
4904,1
4906,1
4907,0
4908,0
4909,1
4910,1
4911,0
4912,0
4913,0
4914,0
4915,0
4916,0
4918,0
4919,0
4921,0
4922,0
4923,1
4924,0
4926,0
4929,1
4930,0
4937,1
4939,0
4940,1
4943,0
4945,0
4947,0
4948,0
4949,0
4950,0
4951,0
4953,0
4954,0
4955,1
4958,0
4960,0
4961,0
4962,0
4964,0
4966,0
4967,0
4968,0
4969,0
4970,0
4971,0
4972,0
4973,0
4975,0
4976,0
4977,0
4979,1
4980,0
4981,0
4983,0
4984,0
4985,0
4987,1
4988,0
4989,0
4991,1
4992,0
4993,0
4994,0
4995,0
4996,0
4998,0
4999,0
5000,1
5001,0
5002,0
5004,0
5007,0
5008,1
5009,1
5011,0
5014,0
5016,0
5017,0
5018,0
5019,0
5020,0
5021,0
5022,0
5023,0
5024,1
5025,1
5026,1
5029,0
5033,0
5034,1
5035,0
5036,0
5037,0
5038,0
5040,0
5041,0
5042,0
5043,0
5044,0
5045,0
5046,0
5047,0
5049,0
5051,1
5052,1
5057,1
5059,0
5060,1
5062,0
5063,0
5064,0
5066,0
5068,0
5069,0
5071,0
5072,0
5074,0
5075,0
5077,0
5078,1
5079,0
5080,1
5081,1
5082,0
5086,1
5087,1
5090,0
5093,0
5094,0
5095,1
5096,0
5097,1
5098,1
5099,1
5100,0
5101,1
5105,0
5107,0
5108,0
5111,0
5112,0
5113,0
5114,0
5115,0
5116,1
5117,0
5119,0
5120,0
5126,1
5132,1
5134,1
5135,0
5136,0
5137,0
5138,0
5139,0
5140,0
5141,0
5142,0
5145,0
5147,0
5148,1
5149,0
5150,1
5152,1
5153,1
5154,0
5156,0
5157,0
5158,0
5159,0
5160,0
5161,0
5162,0
5163,0
5164,0
5165,1
5166,0
5167,1
5169,1
5171,1
5172,1
5178,1
5179,0
5180,0
5183,1
5186,0
5187,0
5188,0
5189,0
5190,0
5191,1
5193,0
5195,1
5199,1
5201,1
5204,1
5206,0
5208,0
5210,0
5211,0
5212,0
5216,1
5220,1
5221,0
5222,0
5223,1
5226,1
5227,0
5228,0
5229,0
5230,1
5231,0
5232,1
5234,0
5235,0
5236,0
5237,0
5238,0
5239,0
5241,0
5242,1
5243,0
5244,0
5245,1
5246,1
5249,0
5250,1
5252,0
5253,0
5254,0
5257,0
5258,1
5259,1
5260,0
5261,0
5262,0
5263,0
5264,0
5265,1
5266,0
5268,0
5269,1
5270,0
5272,0
5273,0
5274,0
5275,0
5276,0
5278,0
5280,0
5281,0
5283,1
5284,0
5286,0
5287,0
5289,0
5290,0
5292,0
5293,0
5295,0
5296,0
5297,1
5298,0
5300,0
5301,0
5302,0
5304,0
5307,0
5308,0
5309,0
5310,1
5311,1
5312,0
5314,1
5316,0
5318,0
5320,0
5322,0
5323,0
5324,0
5325,1
5326,1
5327,1
5329,0
5330,1
5331,0
5333,1
5334,0
5335,1
5336,0
5337,0
5338,1
5339,0
5340,0
5341,0
5342,0
5344,0
5345,0
5347,0
5348,0
5349,0
5350,0
5353,0
5354,0
5355,1
5357,1
5358,0
5360,0
5362,0
5365,0
5366,0
5367,0
5368,0
5369,0
5371,0
5373,0
5378,0
5380,0
5382,0
5383,0
5384,0
5385,0
5386,0
5388,0
5390,0
5392,0
5393,0
5394,0
5395,0
5396,1
5397,0
5398,0
5399,0
5400,0
5404,0
5405,1
5406,0
5410,1
5411,0
5412,0
5413,0
5416,0
5417,0
5419,0
5420,0
5422,0
5423,0
5424,0
5426,1
5427,0
5428,0
5429,0
5430,0
5431,0
5432,0
5435,0
5436,0
5437,0
5438,0
5440,0
5441,0
5442,0
5446,1
5447,0
5448,0
5449,0
5450,0
5452,1
5453,0
5455,0
5456,0
5458,0
5462,0
5465,0
5467,1
5468,1
5470,1
5471,0
5472,0
5473,0
5474,0
5475,0
5476,0
5477,0
5479,0
5480,0
5481,0
5482,0
5483,0
5484,0
5485,0
5486,0
5488,0
5489,0
5490,0
5491,0
5492,1
5493,0
5494,0
5495,0
5496,0
5497,0
5499,0
5500,1
5501,1
5503,0
5505,0
5506,0
5508,1
5510,0
5511,0
5512,0
5513,0
5514,0
5515,0
5518,0
5519,0
5520,0
5521,0
5522,0
5523,0
5524,0
5526,0
5528,0
5529,0
5530,0
5531,0
5532,0
5533,0
5535,0
5536,0
5537,0
5538,0
5540,0
5541,1
5543,0
5544,0
5546,1
5547,0
5548,0
5550,1
5552,0
5553,0
5554,0
5555,0
5556,0
5557,1
5558,0
5560,0
5562,0
5563,0
5564,0
5565,0
5566,0
5567,0
5569,0
5570,0
5571,1
5572,0
5573,0
5574,0
5575,0
5576,0
5577,0
5578,0
5579,0
5583,1
5585,0
5586,0
5587,0
5591,1
5592,0
5594,0
5595,0
5598,0
5599,0
5600,0
5601,0
5602,0
5603,0
5606,0
5607,0
5608,0
5610,1
5611,0
5613,1
5614,0
5615,0
5616,0
5617,0
5618,0
5620,0
5622,0
5623,0
5624,1
5625,0
5627,0
5629,0
5630,0
5631,0
5632,0
5633,0
5634,0
5637,0
5638,1
5639,0
5640,0
5641,0
5643,0
5644,0
5647,0
5651,0
5652,0
5653,0
5654,0
5655,0
5656,0
5657,0
5658,0
5659,0
5661,0
5662,0
5663,0
5664,0
5665,0
5666,0
5667,0
5668,0
5669,0
5670,0
5671,0
5672,0
5673,0
5674,0
5677,0
5679,0
5680,0
5682,0
5683,0
5687,1
5688,0
5689,0
5691,0
5693,0
5696,1
5698,0
5699,0
5701,0
5702,0
5703,0
5704,0
5705,0
5706,0
5707,0
5708,0
5711,1
5712,0
5713,0
5714,0
5716,0
5717,0
5718,0
5719,0
5720,0
5721,1
5722,0
5723,0
5724,0
5725,0
5726,0
5727,0
5728,0
5729,0
5730,0
5731,1
5732,1
5733,1
5735,0
5736,0
5737,1
5738,0
5739,0
5740,0
5741,0
5742,0
5743,0
5744,0
5745,0
5746,0
5748,0
5750,1
5751,0
5752,0
5753,0
5757,1
5758,0
5759,0
5760,0
5761,0
5762,1
5764,0
5766,0
5767,0
5768,0
5769,0
5772,0
5774,0
5775,0
5776,0
5779,0
5781,1
5782,1
5783,0
5784,0
5785,0
5787,0
5788,0
5789,0
5791,0
5792,0
5793,0
5794,0
5797,0
5798,0
5799,0
5801,0
5802,0
5804,0
5805,0
5806,0
5807,0
5809,0
5810,1
5811,0
5812,0
5815,0
5816,0
5818,0
5819,0
5821,0
5822,0
5823,0
5824,0
5825,0
5826,0
5827,0
5832,0
5833,0
5834,1
5836,1
5837,1
5840,0
5841,0
5842,0
5843,0
5844,0
5845,0
5846,0
5848,1
5849,1
5850,0
5851,1
5852,0
5853,1
5858,0
5859,1
5860,1
5862,0
5863,0
5864,0
5865,0
5866,0
5868,0
5870,0
5871,0
5872,0
5873,1
5874,0
5875,0
5876,0
5877,0
5880,0
5881,0
5882,0
5883,1
5886,0
5887,0
5888,0
5889,0
5891,0
5893,0
5894,0
5895,0
5896,0
5898,0
5899,0
5900,1
5901,0
5903,1
5904,1
5905,0
5906,0
5907,1
5908,0
5909,0
5910,0
5911,0
5912,0
5913,0
5915,0
5916,0
5918,0
5919,0
5920,0
5921,0
5922,0
5923,1
5926,0
5927,0
5928,0
5930,0
5931,0
5933,0
5934,0
5935,0
5936,0
5937,0
5938,0
5939,0
5942,0
5943,0
5944,0
5945,1
5946,0
5947,0
5948,0
5949,0
5950,0
5951,0
5952,0
5953,1
5954,0
5956,0
5957,0
5959,0
5960,0
5961,0
5962,0
5963,0
5964,0
5966,0
5967,0
5968,1
5969,0
5970,0
5971,0
5972,0
5973,0
5975,0
5976,1
5978,0
5979,0
5980,0
5981,0
5982,0
5983,0
5985,0
5986,0
5988,0
5989,0
5991,0
5992,0
5993,0
5994,0
5995,0
5996,1
5999,0
6000,0
6001,0
6003,1
6004,0
6007,0
6009,0
6010,1
6011,0
6012,0
6014,0
6015,0
6016,1
6017,0
6018,0
6021,0
6022,0
6023,0
6026,0
6030,0
6032,0
6033,0
6034,0
6038,0
6039,0
6040,0
6042,0
6043,1
6044,1
6045,0
6046,0
6047,0
6048,0
6053,0
6054,0
6056,0
6057,0
6058,1
6060,0
6061,0
6063,0
6064,0
6065,0
6068,0
6069,0
6071,1
6072,0
6074,0
6075,0
6076,1
6079,1
6080,1
6081,0
6082,0
6084,0
6085,0
6087,0
6088,0
6090,0
6091,0
6095,0
6098,0
6099,0
6100,0
6103,1
6105,0
6106,0
6108,0
6110,0
6113,0
6115,0
6117,0
6119,0
6120,0
6125,0
6126,0
6130,0
6131,0
6134,0
6135,0
6138,0
6139,0
6141,0
6145,0
6146,0
6149,0
6154,0
6156,0
6157,0
6159,0
6161,0
6169,0
6170,0
6171,0
6172,0
6173,0
6174,0
6175,0
6177,0
6179,0
6180,1
6181,0
6183,0
6184,0
6186,0
6187,0
6188,0
6190,0
6193,0
6195,0
6196,0
6198,0
6199,0
6201,0
6202,0
6204,0
6205,0
6206,0
6207,0
6208,0
6209,0
6213,0
6214,0
6215,0
6217,0
6219,0
6220,0
6222,0
6224,0
6225,0
6227,0
6230,0
6231,0
6235,0
6236,0
6238,0
6239,0
6240,0
6243,0
6245,0
6249,0
6251,0
6252,0
6253,0
6254,0
6256,0
6257,0
6258,0
6259,0
6263,0
6264,0
6265,0
6266,0
6267,0
6268,0
6269,0
6272,0
6273,0
6274,0
6275,0
6276,0
6277,0
6278,0
6280,0
6281,0
6282,0
6283,0
6284,0
6285,0
6286,0
6287,0
6288,0
6289,0
6291,0
6292,0
6293,0
6295,0
6296,0
6297,0
6299,1
6302,0
6304,0
6306,0
6307,0
6311,0
6313,0
6314,0
6318,0
6321,0
6322,0
6325,0
6328,0
6329,0
6334,0
6336,0
6341,0
6342,0
6343,0
6345,0
6346,0
6347,0
6349,0
6352,0
6353,0
6355,0
6356,0
6357,0
6358,0
6359,0
6362,0
6363,0
6364,0
6366,0
6367,0
6375,0
6377,0
6380,0
6383,0
6384,0
6386,0
6387,0
6395,0
6396,0
6398,0
6399,0
6400,0
6401,0
6403,0
6405,0
6406,0
6407,0
6408,0
6411,0
6416,0
6418,0
6420,0
6422,0
6423,0
6424,0
6425,0
6429,0
6430,0
6431,0
6432,0
6433,0
6434,0
6435,0
6436,0
6437,1
6438,0
6447,0
6449,0
6452,0
6455,0
6457,0
6459,0
6460,0
6462,0
6463,1
6469,0
6471,0
6473,0
6474,0
6475,0
6476,0
6479,0
6480,0
6481,0
6483,0
6484,0
6485,0
6486,0
6487,0
6488,0
6490,0
6494,0
6495,0
6496,0
6498,0
6500,0
6502,0
6503,0
6504,0
6507,0
6509,0
6510,0
6511,0
6512,0
6513,0
6515,0
6520,0
6521,0
6522,1
6523,0
6525,0
6526,0
6527,0
6528,0
6531,0
6532,0
6533,0
6535,0
6536,0
6537,0
6538,0
6541,0
6547,0
6550,0
6551,0
6552,0
6554,0
6555,0
6556,0
6557,0
6558,0
6560,0
6562,0
6563,0
6564,0
6567,0
6569,0
6572,0
6573,0
6576,0
6577,0
6579,0
6580,0
6582,0
6589,0
6591,0
6592,0
6594,0
6595,0
6597,0
6600,0
6602,0
6605,0
6606,0
6608,0
6611,0
6612,0
6613,0
6616,0
6617,1
6620,0
6621,0
6622,0
6624,0
6625,0
6629,0
6630,0
6632,0
6634,0
6636,0
6637,0
6638,0
6641,0
6646,0
6647,0
6649,0
6654,0
6655,0
6656,0
6660,0
6662,0
6663,0
6664,0
6665,0
6676,0
6677,0
6681,0
6685,0
6687,0
6688,0
6690,0
6691,0
6694,0
6696,0
6701,0
6703,0
6707,0
6711,0
6714,0
6715,0
6716,0
6717,0
6719,0
6720,1
6721,0
6723,0
6725,0
6730,0
6733,0
6734,0
6736,0
6737,0
6741,0
6744,0
6745,0
6746,0
6748,0
6749,0
6750,1
6751,0
6752,0
6757,1
6758,0
6759,0
6761,0
6763,0
6764,1
6766,0
6767,0
6770,0
6771,0
6780,0
6782,0
6784,0
6787,0
6789,0
6790,0
6791,0
6792,0
6793,0
6795,0
6798,0
6801,0
6803,0
6804,0
6806,0
6807,0
6808,0
6809,0
6810,1
6813,0
6817,0
6818,0
6819,0
6820,0
6822,0
6825,0
6826,0
6827,0
6828,0
6829,0
6831,0
6832,0
6833,0
6834,0
6835,0
6836,0
6837,0
6838,0
6844,0
6845,0
6849,0
6855,0
6857,0
6858,0
6859,0
6860,0
6863,0
6865,0
6872,0
6874,0
6875,0
6878,0
6879,0
6883,0
6886,0
6887,0
6888,0
6891,0
6892,0
6895,0
6896,0
6898,0
6900,0
6903,0
6905,0
6906,0
6907,0
6908,0
6910,0
6911,0
6913,0
6915,0
6916,0
6917,0
6920,0
6921,0
6923,0
6926,0
6932,0
6934,0
6935,0
6937,0
6940,0
6943,0
6947,0
6951,0
6952,0
6953,0
6954,0
6955,0
6957,0
6958,0
6960,0
6963,0
6964,0
6965,0
6966,0
6967,0
6968,0
6970,0
6971,0
6973,0
6974,0
6975,0
6978,0
6997,0
7000,0
7003,0
7009,0
7014,0
7016,0
7017,0
7020,0
7021,0
7024,0
7026,0
7028,0
7029,0
7030,0
7031,0
7033,0
7034,0
7035,0
7036,0
7044,0
7046,0
7048,0
7054,0
7060,0
7067,0
7084,0
7087,0
7097,0
7098,0
7103,0
7107,0
7116,0
7117,0
7126,1
7128,0
7130,0
7131,0
7135,0
7139,0
7143,0
7153,1
7158,0
7162,0
7165,0
7172,0
7179,0
7188,0
7195,0
7197,0
7198,0
7200,0
7201,0
7202,0
7207,0
7208,0
7211,0
7213,0
7214,0
7215,0
7217,1
7219,0
7220,0
7223,0
7226,0
7227,0
7228,0
7230,0
7232,0
7233,0
7234,0
7235,0
7237,0
7243,0
7246,0
7248,1
7249,1
7251,0
7255,0
7257,0
7258,0
7259,0
7263,0
7266,0
7268,0
7269,0
7271,0
7273,0
7274,0
7275,0
7276,0
7278,0
7279,0
7284,0
7285,1
7290,0
7291,0
7292,0
7293,0
7296,0
7297,0
7300,0
7302,0
7303,0
7305,0
7306,0
7307,0
7308,0
7310,0
7317,0
7318,0
7320,0
7321,0
7322,0
7323,0
7324,0
7325,0
7328,0
7332,0
7336,0
7338,0
7339,0
7343,1
7344,1
7348,0
7350,0
7351,0
7353,0
7354,0
7356,0
7357,0
7359,0
7363,0
7364,0
7365,0
7371,0
7372,0
7373,0
7376,0
7377,0
7379,0
7380,0
7381,0
7382,0
7383,0
7386,0
7387,0
7392,1
7393,0
7394,0
7396,0
7397,0
7399,0
7400,0
7401,0
7404,0
7405,0
7406,0
7407,0
7408,0
7409,0
7413,0
7414,0
7416,0
7417,0
7420,1
7421,0
7422,0
7424,0
7426,1
7427,0
7428,0
7430,0
7431,0
7432,1
7436,0
7437,0
7438,0
7440,0
7441,0
7442,0
7443,0
7444,0
7447,0
7448,0
7453,0
7456,0
7457,0
7458,0
7459,0
7464,0
7465,0
7466,0
7467,0
7469,0
7470,0
7471,0
7472,0
7473,0
7474,1
7475,1
7477,0
7479,0
7481,0
7482,0
7483,0
7486,0
7487,0
7491,0
7493,0
7494,0
7495,0
7496,0
7497,0
7500,0
7502,0
7505,0
7506,0
7507,0
7511,0
7513,0
7516,0
7519,0
7520,0
7522,0
7523,0
7524,0
7525,0
7526,0
7529,0
7530,0
7540,0
7541,0
7544,0
7545,0
7546,0
7547,0
7548,0
7551,0
7553,1
7554,1
7555,0
7556,1
7560,1
7561,0
7562,0
7564,0
7566,0
7567,0
7568,0
7576,0
7577,0
7578,0
7579,0
7582,1
7589,0
7590,0
7592,0
7593,0
7594,0
7595,0
7597,0
7599,0
7600,0
7604,0
7610,0
7612,1
7617,0
7619,0
7620,0
7623,0
7624,0
7628,0
7630,0
7631,0
7632,1
7634,0
7635,0
7636,0
7637,0
7638,0
7639,0
7640,0
7643,0
7645,0
7647,0
7648,0
7649,0
7650,0
7651,0
7652,0
7653,0
7655,0
7656,0
7657,0
7660,0
7661,0
7663,0
7665,1
7666,0
7670,0
7671,0
7672,0
7673,0
7674,0
7675,0
7676,0
7682,0
7683,0
7685,0
7691,0
7693,0
7694,0
7695,0
7696,0
7698,0
7701,0
7702,0
7703,0
7704,0
7705,0
7706,0
7707,0
7709,0
7710,0
7712,0
7713,0
7714,0
7716,0
7717,0
7718,0
7720,0
7722,0
7723,0
7724,0
7726,0
7727,0
7730,0
7731,0
7733,0
7736,0
7738,0
7739,0
7740,0
7746,0
7747,0
7748,0
7749,0
7750,0
7751,0
7752,0
7754,0
7755,0
7756,0
7757,0
7758,0
7760,0
7761,0
7762,0
7763,0
7766,0
7768,0
7770,0
7771,0
7772,0
7774,0
7776,0
7777,0
7778,0
7779,0
7780,0
7781,0
7782,0
7783,0
7784,0
7785,0
7789,0
7790,0
7791,0
7795,0
7796,0
7797,0
7798,0
7799,0
7801,0
7802,0
7803,0
7804,0
7805,0
7806,0
7807,0
7808,0
7809,0
7812,0
7813,0
7815,0
7817,0
7821,0
7823,0
7827,0
7828,0
7830,0
7831,0
7833,0
7835,0
7836,0
7837,0
7839,0
7840,0
7841,0
7842,0
7845,0
7846,0
7847,0
7849,0
7850,0
7851,0
7852,0
7853,0
7854,0
7859,0
7860,0
7861,0
7864,0
7866,0
7867,0
7868,0
7870,0
7871,0
7874,0
7877,0
7879,0
7881,0
7882,0
7886,0
7888,0
7889,0
7890,0
7892,0
7893,0
7894,0
7895,0
7900,0
7901,0
7902,0
7903,0
7910,0
7911,0
7912,0
7913,0
7914,0
7915,0
7916,0
7917,0
7918,0
7919,0
7921,0
7923,0
7927,0
7928,0
7929,0
7931,0
7932,0
7933,0
7934,0
7935,0
7936,0
7938,0
7943,0
7944,0
7946,0
7948,0
7950,0
7951,0
7953,0
7954,0
7955,0
7956,0
7957,0
7958,0
7959,0
7960,0
7966,0
7968,0
7969,0
7971,0
7972,0
7973,0
7974,0
7975,0
7976,0
7978,0
7979,0
7981,0
7982,0
7985,0
7986,0
7987,0
7991,0
7992,0
7994,0
7996,0
7997,0
7998,0
7999,0
8000,0
8001,0
8003,0
8005,0
8006,0
8007,0
8008,0
8011,0
8016,0
8017,0
8019,0
8020,0
8021,0
8023,0
8025,0
8026,0
8028,0
8030,0
8031,0
8034,0
8036,0
8038,0
8040,0
8043,0
8044,0
8045,0
8046,0
8049,0
8051,0
8052,0
8053,0
8054,0
8055,0
8056,0
8057,1
8058,0
8061,0
8062,0
8063,0
8064,0
8066,0
8069,0
8070,0
8071,0
8072,0
8074,0
8075,0
8076,0
8078,0
8080,0
8082,0
8083,0
8084,0
8085,0
8086,0
8087,0
8088,0
8090,0
8092,0
8093,0
8094,0
8095,0
8096,0
8097,0
8099,0
8102,0
8103,0
8105,0
8107,0
8108,0
8109,0
8112,0
8113,0
8114,0
8115,0
8117,0
8118,0
8119,0
8120,0
8121,0
8123,0
8128,0
8129,0
8130,0
8131,0
8132,0
8133,0
8134,0
8135,0
8141,0
8143,0
8144,0
8147,0
8148,0
8150,0
8151,0
8153,0
8154,0
8155,0
8156,0
8157,0
8158,0
8159,0
8160,0
8162,0
8163,0
8165,0
8166,0
8168,0
8170,0
8172,0
8173,0
8174,0
8175,0
8177,0
8180,0
8181,0
8182,0
8184,0
8185,0
8186,0
8188,0
8189,0
8190,0
8193,0
8195,0
8196,0
8197,0
8198,0
8202,0
8203,0
8205,0
8206,0
8207,0
8208,0
8209,0
8211,0
8212,0
8216,0
8218,0
8220,0
8221,0
8223,0
8224,0
8227,0
8228,0
8229,0
8230,0
8232,0
8233,0
8234,0
8237,0
8238,0
8241,0
8242,0
8243,0
8244,0
8245,0
8247,0
8249,0
8250,0
8251,0
8252,0
8254,0
8255,0
8258,0
8260,0
8262,0
8264,0
8265,0
8266,0
8267,0
8269,0
8272,0
8274,0
8276,0
8277,0
8278,0
8280,0
8282,0
8284,0
8285,0
8286,0
8287,0
8288,0
8289,0
8290,0
8293,0
8294,0
8295,0
8296,0
8297,0
8298,0
8300,0
8301,0
8302,0
8303,0
8309,0
8310,0
8312,0
8313,0
8314,0
8315,0
8316,0
8317,0
8318,0
8319,0
8320,0
8321,0
8322,0
8324,0
8325,0
8326,0
8327,0
8328,0
8329,0
8333,0
8334,0
8336,0
8337,0
8338,0
8339,0
8340,0
8341,0
8342,0
8343,0
8345,0
8346,0
8347,0
8348,0
8350,0
8352,0
8353,0
8354,0
8356,0
8360,0
8361,0
8362,0
8364,0
8367,0
8369,0
8371,0
8372,0
8373,0
8375,0
8378,0
8379,0
8380,0
8382,0
8383,0
8384,0
8385,0
8387,0
8388,0
8389,0
8390,0
8392,0
8393,0
8396,0
8397,0
8398,0
8399,0
8401,0
8402,0
8403,0
8405,0
8406,0
8409,0
8410,0
8411,0
8412,0
8415,0
8417,0
8418,0
8419,0
8422,0
8424,0
8425,0
8426,0
8427,0
8428,0
8431,0
8432,0
8433,0
8434,0
8436,0
8437,0
8438,0
8439,0
8443,0
8444,0
8445,0
8446,0
8447,0
8450,0
8452,0
8453,0
8455,0
8458,0
8459,0
8460,0
8461,0
8463,0
8465,0
8466,0
8467,0
8468,0
8470,0
8471,0
8472,0
8474,0
8475,0
8476,0
8477,0
8478,0
8481,0
8485,0
8487,0
8488,0
8490,0
8491,0
8492,0
8493,0
8494,0
8495,0
8496,0
8497,0
8498,0
8502,0
8506,0
8507,0
8509,0
8511,0
8515,0
8516,0
8517,0
8519,0
8523,0
8524,0
8525,0
8526,0
8527,0
8528,0
8529,0
8533,0
8535,0
8536,0
8537,0
8539,0
8540,0
8541,0
8543,0
8545,0
8546,0
8549,0
8550,0
8551,0
8552,0
8553,0
8554,0
8555,0
8558,0
8565,0
8566,0
8567,0
8568,0
8569,0
8570,0
8571,1
8575,0
8576,0
8577,0
8579,0
8580,0
8581,0
8582,0
8583,0
8584,0
8585,0
8587,0
8588,0
8589,0
8594,0
8597,0
8598,0
8599,0
8600,0
8601,0
8602,0
8603,0
8604,0
8605,0
8606,0
8608,0
8609,0
8610,0
8613,0
8614,0
8615,0
8617,0
8618,0
8620,0
8621,0
8622,0
8623,0
8624,0
8625,0
8626,0
8627,0
8628,0
8629,0
8630,0
8631,0
8632,0
8633,0
8634,0
8637,0
8638,0
8639,0
8640,0
8644,0
8647,0
8649,0
8650,0
8654,0
8655,0
8656,0
8657,0
8658,0
8660,0
8661,0
8662,0
8664,0
8668,0
8669,0
8671,0
8672,0
8675,0
8676,0
8677,0
8678,0
8679,0
8680,0
8690,0
8692,0
8693,0
8694,0
8695,0
8696,0
8698,0
8699,0
8701,0
8702,0
8703,0
8704,0
8705,0
8706,0
8707,0
8708,0
8709,0
8710,0
8711,0
8712,0
8713,0
8715,0
8716,0
8717,0
8718,0
8719,0
8720,0
8721,0
8723,0
8724,0
8725,0
8727,0
8728,0
8730,0
8732,0
8733,0
8737,0
8738,0
8739,0
8742,0
8745,0
8746,0
8747,0
8749,0
8750,0
8753,0
8754,0
8755,0
8756,0
8757,0
8758,0
8760,0
8762,0
8763,0
8764,0
8767,0
8768,0
8769,0
8770,0
8771,0
8778,0
8779,0
8780,0
8781,0
8782,0
8783,0
8787,0
8788,0
8789,0
8790,0
8792,0
8793,0
8794,0
8795,0
8797,0
8798,0
8799,0
8800,0
8801,0
8802,0
8804,0
8806,0
8807,0
8808,0
8810,0
8813,0
8815,0
8817,1
8818,0
8820,0
8821,0
8826,0
8828,0
8829,0
8834,0
8836,0
8838,0
8841,0
8842,0
8846,0
8847,0
8848,0
8849,0
8850,0
8852,0
8853,0
8854,0
8856,0
8857,0
8858,0
8860,0
8861,0
8862,0
8863,0
8873,0
8874,0
8875,0
8876,0
8877,0
8878,0
8879,0
8881,0
8882,0
8883,0
8887,0
8888,0
8889,0
8891,0
8892,0
8893,0
8895,0
8896,0
8897,0
8898,0
8899,0
8900,0
8902,0
8904,0
8905,0
8906,0
8908,0
8909,0
8911,0
8912,0
8913,0
8914,0
8915,0
8916,0
8919,0
8921,0
8923,0
8925,0
8927,0
8928,0
8929,0
8930,0
8931,0
8934,0
8936,0
8938,0
8939,0
8941,0
8943,0
8944,0
8945,0
8947,0
8950,0
8951,0
8952,0
8955,0
8956,1
8958,0
8964,0
8966,0
8969,0
8970,0
8972,0
8973,0
8975,0
8976,0
8977,0
8978,0
8979,0
8980,0
8982,0
8983,0
8984,0
8985,0
8986,0
8987,0
8991,0
8992,0
8993,0
8997,0
8999,0
9000,0
9001,0
9003,0
9005,0
9006,0
9007,0
9010,0
9012,0
9014,1
9015,0
9017,0
9018,0
9019,0
9021,0
9022,0
9023,0
9024,0
9025,0
9026,0
9027,0
9028,0
9030,0
9033,0
9034,0
9035,0
9037,0
9038,0
9041,0
9042,0
9045,0
9049,0
9050,0
9051,0
9052,0
9054,0
9055,0
9056,0
9057,0
9058,0
9061,0
9063,0
9064,0
9065,0
9067,0
9068,0
9069,0
9072,0
9073,0
9075,0
9081,0
9082,0
9085,0
9086,0
9088,0
9092,0
9093,0
9094,0
9095,0
9096,0
9097,0
9100,0
9101,0
9102,0
9103,0
9104,0
9106,0
9107,0
9109,0
9110,0
9111,0
9114,0
9117,0
9118,0
9119,0
9120,0
9122,0
9123,0
9125,0
9126,0
9128,0
9129,0
9132,0
9133,0
9134,0
9135,0
9136,0
9137,0
9139,0
9140,0
9141,0
9143,0
9146,0
9150,0
9151,0
9154,0
9155,0
9156,0
9157,0
9158,0
9160,0
9161,0
9163,0
9164,0
9165,0
9169,0
9170,0
9171,0
9172,0
9173,0
9174,0
9176,0
9177,0
9178,0
9179,0
9180,0
9183,0
9184,0
9186,0
9187,0
9188,0
9190,0
9192,0
9194,0
9199,0
9200,0
9201,0
9203,0
9204,0
9205,0
9206,0
9207,0
9208,0
9209,0
9210,0
9211,0
9212,0
9213,0
9217,0
9219,0
9222,0
9223,0
9224,0
9225,0
9226,0
9228,0
9230,0
9231,0
9232,0
9233,0
9234,0
9235,0
9237,0
9238,0
9239,0
9241,0
9242,0
9247,0
9248,0
9249,0
9252,0
9253,0
9257,0
9258,0
9260,0
9262,0
9263,0
9264,0
9265,0
9268,0
9269,0
9271,0
9274,0
9276,0
9277,0
9278,0
9280,0
9281,0
9282,0
9283,0
9284,0
9285,0
9287,0
9288,0
9289,0
9290,0
9291,0
9292,0
9293,0
9294,0
9295,0
9297,0
9298,0
9300,0
9302,0
9303,0
9304,0
9307,0
9308,0
9309,0
9310,0
9311,0
9312,0
9314,0
9315,0
9319,0
9320,0
9326,0
9328,0
9330,0
9332,0
9333,0
9334,0
9335,0
9336,0
9337,0
9339,0
9340,0
9342,0
9344,0
9346,0
9347,0
9349,0
9353,0
9356,0
9357,0
9361,0
9362,0
9363,0
9364,0
9366,0
9367,0
9368,0
9369,0
9371,0
9373,0
9374,0
9376,0
9377,0
9379,0
9382,0
9384,0
9388,0
9389,0
9391,0
9394,0
9395,0
9396,0
9398,0
9400,0
9401,0
9402,0
9404,0
9405,0
9407,0
9408,0
9410,0
9411,0
9412,0
9414,0
9415,0
9416,0
9418,0
9419,0
9422,0
9423,0
9426,0
9428,0
9429,0
9431,0
9433,0
9436,0
9439,0
9440,0
9441,0
9442,0
9444,0
9448,0
9449,0
9450,0
9454,0
9457,0
9458,0
9459,0
9461,0
9462,0
9463,0
9464,0
9465,0
9466,0
9467,0
9469,0
9471,0
9472,0
9474,0
9476,0
9477,0
9480,0
9485,0
9486,0
9487,0
9488,0
9489,0
9490,0
9491,0
9492,0
9496,0
9497,0
9500,0
9501,0
9503,0
9506,0
9508,0
9509,0
9510,0
9511,0
9513,0
9515,0
9516,0
9518,0
9519,0
9521,0
9522,0
9524,0
9525,0
9526,0
9528,0
9529,0
9530,0
9531,0
9532,0
9533,0
9534,0
9535,0
9539,0
9544,0
9546,0
9547,0
9548,0
9549,0
9550,0
9551,0
9553,0
9554,0
9555,0
9556,0
9557,0
9558,0
9563,0
9564,0
9567,0
9568,0
9569,0
9570,0
9572,0
9575,0
9578,0
9579,0
9580,0
9581,0
9582,0
9583,0
9585,1
9586,0
9587,0
9588,0
9589,0
9592,0
9597,0
9598,1
9599,0
9600,0
9602,0
9606,0
9607,0
9609,1
9610,0
9611,0
9613,0
9615,0
9616,0
9617,0
9618,0
9619,1
9620,1
9621,1
9622,0
9623,1
9624,0
9626,1
9631,1
9634,1
9636,1
9637,1
9638,1
9639,1
9640,1
9643,1
9644,0
9645,1
9646,0
9647,1
9649,1
9650,1
9652,1
9654,1
9662,0
9663,0
9664,0
9665,1
9666,0
9668,0
9669,0
9672,0
9673,1
9674,1
9677,1
9678,0
9679,0
9680,0
9682,0
9686,0
9687,0
9688,1
9689,0
9691,0
9692,0
9697,0
9699,1
9700,0
9701,0
9706,0
9707,0
9708,0
9709,0
9710,1
9711,1
9712,1
9714,0
9715,0
9716,0
9717,1
9718,1
9719,1
9720,1
9721,1
9723,0
9726,0
9727,0
9728,0
9729,0
9730,1
9732,0
9733,0
9734,1
9737,1
9738,1
9739,0
9742,0
9745,0
9746,0
9747,1
9748,0
9752,0
9753,1
9754,0
9755,0
9756,0
9758,1
9759,0
9760,0
9761,0
9762,1
9763,1
9764,0
9767,0
9769,1
9770,1
9772,0
9773,0
9774,1
9776,0
9778,0
9783,0
9785,0
9786,1
9787,0
9790,1
9791,1
9795,0
9796,1
9809,0
9816,1
9818,1
9820,0
9821,1
9822,1
9826,1
9827,1
9829,1
9830,1
9831,1
9833,1
9834,1
9835,1
9836,1
9837,0
9838,1
9839,1
9840,1
9841,1
9842,1
9843,1
9844,1
9846,1
9852,1
9853,1
9854,1
9855,1
9856,1
9857,1
9858,1
9859,1
9860,1
9861,1
9863,0
9866,0
9868,1
9869,0
9870,1
9873,1
9874,1
9875,1
9876,1
9881,1
9882,1
9883,1
9884,1
9885,1
9886,1
9888,1
9889,0
9890,1
9891,1
9892,1
9894,0
9895,0
9896,0
9898,1
9899,1
9905,0
9909,1
9912,1
9914,0
9916,1
9917,1
9919,0
9920,1
9922,1
9923,1
9924,1
9927,0
9928,0
9929,0
9930,0
9932,0
9933,0
9935,0
9938,0
9939,0
9940,0
9944,0
9945,1
9947,0
9949,0
9950,0
9951,0
9952,0
9954,0
9955,0
9958,0
9960,1
9961,0
9962,0
9966,1
9967,1
9968,1
9970,0
9972,0
9973,0
9974,0
9976,1
9977,1
9978,1
9979,1
9980,0
9982,1
9986,0
9987,0
9990,0
9991,0
9992,0
9993,1
9994,0
9997,0
9999,0
10000,0
10001,0
10002,0
10003,0
10004,0
10005,0
10007,0
10008,1
10009,0
10010,0
10011,0
10012,0
10013,0
10016,0
10019,0
10020,0
10021,0
10022,1
10023,0
10024,1
10026,1
10027,0
10028,0
10030,0
10032,0
10033,0
10034,0
10036,0
10038,0
10039,0
10040,0
10041,0
10044,0
10045,1
10047,1
10048,1
10050,1
10057,1
10058,1
10059,0
10060,1
10062,1
10064,1
10065,0
10070,0
10071,0
10072,1
10073,1
10074,1
10080,1
10081,1
10082,1
10083,1
10084,1
10088,1
10089,1
10090,1
10095,0
10097,0
10100,1
10102,1
10103,1
10104,1
10107,1
10109,1
10110,0
10114,1
10117,1
10120,1
10121,1
10126,1
10127,1
10128,1
10129,1
10130,0
10133,1
10134,1
10135,0
10136,1
10137,0
10138,0
10140,0
10142,0
10143,0
10145,0
10146,0
10150,0
10151,1
10152,1
10153,0
10154,0
10157,0
10158,1
10159,0
10160,0
10161,0
10163,0
10164,0
10165,0
10166,0
10167,0
10168,0
10169,0
10170,0
10171,0
10172,0
10173,0
10174,0
10175,0
10176,1
10177,0
10178,1
10179,0
10180,0
10181,0
10182,0
10183,0
10185,0
10186,0
10187,0
10190,0
10197,0
10202,0
10203,0
10204,0
10206,0
10207,0
10209,0
10211,0
10212,0
10217,0
10219,1
10221,0
10222,0
10223,0
10225,0
10227,0
10228,0
10232,0
10233,0
10234,0
10235,0
10237,0
10238,0
10239,0
10240,1
10241,0
10242,0
10243,0
10244,0
10245,0
10247,0
10248,1
10249,0
10250,0
10251,0
10252,0
10253,0
10255,0
10257,0
10259,0
10262,0
10263,0
10269,0
10270,0
10271,1
10272,0
10273,1
10275,1
10277,0
10278,0
10279,0
10282,1
10283,1
10285,0
10288,0
10289,0
10294,0
10295,0
10296,0
10297,0
10298,1
10299,1
10300,1
10301,1
10305,0
10306,0
10307,1
10309,0
10310,0
10312,0
10313,0
10314,1
10318,0
10319,0
10320,0
10321,0
10323,0
10324,0
10325,0
10326,1
10327,0
10332,0
10333,0
10334,1
10338,0
10339,0
10340,0
10342,0
10345,0
10346,1
10348,1
10349,1
10351,0
10352,0
10353,0
10354,0
10356,1
10364,1
10366,1
10369,0
10370,0
10371,1
10372,1
10373,1
10376,1
10377,1
10378,1
10379,1
10384,0
10386,0
10388,0
10396,0
10398,0
10401,1
10402,0
10403,1
10408,1
10409,1
10411,1
10412,0
10413,1
10414,1
10415,1
10417,1
10418,0
10424,1
10426,0
10429,1
10432,1
10433,1
10434,1
10435,1
10436,1
10437,1
10440,1
10441,1
10448,1
10449,1
10450,1
10451,1
10452,1
10453,1
10455,1
10458,1
10464,1
10465,1
10466,0
10473,1
10477,1
10478,0
10479,1
10480,1
10482,1
10483,1
10485,1
10486,1
10487,1
10489,1
10490,1
10491,1
10492,1
10493,1
10496,1
10497,1
10502,0
10504,0
10505,1
10506,1
10507,0
10508,0
10510,1
10512,0
10514,1
10515,1
10516,1
10517,1
10518,1
10520,1
10521,1
10527,1
10531,0
10532,1
10533,1
10534,1
10535,1
10539,0
10541,0
10542,0
10545,0
10547,1
10550,1
10551,1
10553,1
10554,1
10557,0
10558,0
10561,1
10565,1
10566,0
10570,0
10571,1
10572,1
10573,1
10575,1
10577,1
10580,0
10586,1
10588,1
10589,0
10593,1
10594,1
10597,1
10599,1
10602,0
10607,0
10615,0
10620,0
10622,1
10624,1
10627,0
10637,0
10638,0
10639,1
10640,1
10641,1
10642,1
10644,1
10645,1
10647,1
10648,1
10649,1
10650,1
10652,1
10653,1
10654,1
10655,1
10657,1
10658,1
10660,1
10661,0
10662,1
10663,1
10664,1
10665,1
10666,1
10667,1
10668,1
10669,1
10670,1
10671,1
10673,1
10674,1
10675,1
10676,1
10679,1
10680,1
10682,1
10684,0
10687,0
10688,0
10690,0
10693,0
10694,0
10696,1
10697,0
10699,0
10700,0
10702,0
10706,0
10710,0
10711,0
10713,0
10717,0
10720,0
10724,0
10726,0
10727,0
10728,0
10729,1
10730,0
10733,0
10734,0
10738,0
10739,0
10740,1
10741,0
10742,0
10744,0
10747,0
10751,1
10752,1
10753,1
10755,0
10757,0
10759,0
10761,0
10765,1
10769,1
10770,1
10771,1
10772,1
10776,0
10777,1
10778,1
10780,1
10781,1
10782,0
10784,1
10788,0
10789,0
10790,0
10795,0
10804,0
10805,0
10807,0
10809,1
10810,0
10811,1
10817,0
10822,0
10823,0
10824,1
10826,0
10827,0
10829,1
10831,0
10833,1
10835,0
10842,1
10843,1
10844,1
10846,0
10851,1
10869,1
10870,1
10871,1
10872,1
10873,0
10875,0
10889,0
10890,1
10892,1
10894,0
10895,0
10898,0
10900,0
10901,0
10902,0
10903,0
10906,1
10908,1
10910,1
10911,1
10912,1
10913,1
10915,1
10919,1
10920,1
10924,1
10925,1
10927,0
10928,1
10932,1
10936,1
10937,0
10939,0
10942,0
10943,0
10944,1
10945,0
10946,1
10947,1
10950,1
10952,1
10953,1
10955,0
10956,0
10961,0
10964,0
10966,0
10968,0
10971,1
10972,1
10973,1
10987,0
10991,1
10992,1
10994,1
10995,1
10996,1
11001,1
11003,1
11004,0
11005,1
11006,1
11009,0
11011,1
11015,1
11020,0
11032,0
11033,0
11034,0
11040,0
11042,0
11044,0
11050,0
11051,0
11053,0
11055,0
11058,0
11062,1
11063,0
11072,1
11073,1
11075,1
11077,0
11085,1
11092,1
11096,0
11097,0
11098,1
11103,1
11113,0
11114,0
11120,0
11127,1
11134,0
11137,1
11138,1
11139,1
11140,0
11142,1
11143,1
11144,0
11149,1
11159,1
11160,1
11164,0
11165,0
11166,0
11181,0
11185,0
11188,0
11192,1
11193,0
11196,1
11201,0
11202,1
11203,1
11209,1
11210,1
11214,1
11216,1
11220,1
11234,0
11237,1
11242,1
11243,1
11245,0
11246,1
11248,1
11249,0
11250,0
11251,1
11253,1
11254,0
11255,0
11257,0
11258,1
11259,1
11262,0
11265,1
11270,1
11277,0
11279,1
11284,1
11286,1
11288,1
11289,0
11294,0
11301,1
11302,1
11303,1
11310,1
11313,0
11314,1
11320,0
11329,0
11345,1
11346,1
11348,1
11352,1
11361,0
11367,0
11375,1
11376,1
11377,1
11381,1
11390,1
11393,0
11398,1
11399,0
11402,1
11403,1
11404,1
11406,1
11407,0
11411,0
11412,0
11430,1
11431,0
11439,1
11440,0
11441,1
11444,1
11446,0
11448,1
11450,1
11451,1
11453,0
11460,0
11462,1
11473,1
11474,1
11475,0
11476,0
11485,1
11489,0
11499,0
11509,1
11510,1
11518,1
11520,0
11529,1
11530,1
11535,0
11538,0
11540,1
11541,1
11543,0
11547,0
11553,0
11563,1
11585,0
11591,0
11595,0
11597,1
11609,0
11612,0
11616,0
11620,0
11624,0
11625,0
11636,0
11642,0
11643,0
11651,1
11653,1
11663,0
11682,1
11690,1
11699,0
11700,0
11704,0
11706,1
11708,1
11709,0
11710,1
11711,1
11720,0
11721,0
11729,0
11732,0
11734,0
11737,1
11739,1
11740,0
11743,0
11751,0
11761,0
11770,0
11771,0
11773,0
11777,0
11778,0
11801,0
11804,0
11812,0
11838,0
11841,0
11845,1
11853,0
11865,0
11871,0
11875,0
11886,1
11897,0
11910,0
11911,0
11913,0
11916,0
11917,0
11920,0
11931,0
11937,1
11944,1
11951,0
11960,0
11965,0
11976,0
11977,1
11978,0
11990,1
12002,1
12005,0
12031,0
12046,0
12072,0
12092,0
12111,0
12119,0
12131,0
12137,0
12142,0
12149,0
12150,0
12151,1
12154,0
12155,0
12171,0
12190,0
12199,1
12230,1
12248,0
12252,0
12256,0
12262,0
12263,1
12265,1
12289,0
12293,0
12296,0
12300,1
12308,0
12311,1
12313,1
12318,0
12322,0
12325,0
12327,0
12329,0
12330,1
12332,0
12336,0
12339,0
12340,0
12341,0
12344,0
12351,0
12355,0
12361,0
12375,0
12377,1
12378,0
12379,0
12391,0
12392,0
12425,0
12427,0
12432,0
12452,0
12460,1
12472,0
12473,0
12478,0
12491,0
12492,0
12493,0
12495,0
12502,1
12504,0
12505,0
12509,1
12510,0
12511,0
12517,0
12518,0
12527,0
12532,0
12533,0
12534,1
12536,0
12537,0
12539,1
12541,0
12549,1
12553,0
12569,1
12571,1
12574,0
12583,0
12590,0
12598,0
12604,0
12606,1
12609,0
12612,0
12614,1
12622,0
12638,0
12639,0
12644,0
12654,0
12659,0
12660,0
12664,1
12667,0
12671,1
12690,1
12700,1
12712,0
12717,0
12721,0
12729,0
12735,0
12743,0
12747,1
12749,0
12761,0
12774,0
12783,0
12784,0
12788,0
12789,0
12790,0
12793,0
12802,1
12803,0
12805,0
12806,0
12815,1
12821,0
12822,0
12824,0
12835,1
12838,0
12844,0
12845,1
12849,0
12865,0
12882,1
12886,0
12887,1
12888,0
12893,0
12898,1
12904,0
12915,1
12918,1
12920,0
12923,0
12925,1
12927,0
12931,0
12932,0
12957,0
12967,0
12970,1
12971,1
12972,1
12977,0
12983,0
12989,0
12990,1
12993,0
12994,1
12998,0
12999,1
13000,0
13001,0
13002,0
13005,0
13010,0
13012,0
13015,0
13016,1
13023,0
13025,0
13028,1
13029,1
13030,1
13043,0
13053,1
13060,0
13064,1
13069,0
13073,0
13079,0
13089,0
13095,0
13096,0
13109,0
13113,0
13117,1
13122,0
13132,0
13135,0
13143,1
13144,1
13145,0
13147,0
13155,0
13166,1
13167,0
13171,0
13172,0
13174,1
13175,1
13176,0
13181,0
13183,1
13186,0
13194,1
13197,0
13200,0
13208,0
13211,0
13220,0
13224,0
13227,1
13231,0
13233,0
13244,0
13246,1
13252,0
13255,1
13256,1
13260,0
13263,0
13264,0
13266,0
13270,0
13277,0
13278,1
13281,0
13282,0
13284,0
13300,0
13302,0
13306,0
13307,0
13308,0
13309,0
13313,0
13315,0
13317,0
13328,0
13332,0
13335,0
13355,0
13356,0
13364,1
13367,1
13374,0
13376,0
13382,0
13383,1
13384,0
13387,0
13388,0
13395,0
13396,0
13398,0
13402,1
13403,0
13405,0
13406,1
13408,0
13409,1
13410,1
13426,0
13428,0
13429,0
13438,0
13446,0
13448,1
13450,1
13455,0
13462,1
13467,0
13469,0
13470,0
13472,1
13473,0
13481,1
13485,0
13487,1
13497,1
13499,0
13508,1
13510,1
13514,1
13517,1
13519,1
13520,1
13523,1
13526,1
13529,1
13535,0
13536,1
13537,1
13538,1
13545,1
13546,1
13548,1
13556,1
13557,1
13559,1
13560,1
13564,1
13566,1
13568,1
13569,1
13571,1
13572,1
13575,1
13576,1
13577,1
13586,0
13590,0
13592,0
13594,1
13595,1
13601,1
13602,1
13603,1
13607,1
13609,1
13610,1
13611,1
13613,1
13615,1
13616,1
13618,0
13620,1
13621,1
13622,1
13623,1
13626,1
13627,1
13628,1
13631,1
13632,1
13633,1
13635,1
13636,1
13637,1
13643,1
13644,1
13646,1
13649,1
13651,1
13659,1
13660,0
13663,1
13665,0
13673,1
13680,1
13685,1
13686,1
13692,1
13694,1
13697,0
13698,1
13699,1
13700,1
13701,0
13702,1
13708,0
13709,1
13710,1
13712,1
13713,1
13714,1
13716,1
13723,1
13729,1
13733,1
13735,1
13736,1
13739,0
13740,1
13742,0
13746,1
13747,0
13748,0
13749,0
13751,1
13754,0
13756,1
13765,1
13767,1
13778,1
13785,1
13788,0
13800,1
13803,0
13804,0
13811,1
13822,1
13833,1
13839,0
13855,1
13863,1
13864,0
13887,1
13899,1
13910,0
13921,1
13923,1
13932,1
13941,0
13943,1
13951,0
13954,0
13964,0
13974,0
13977,0
13983,0
13986,0
13994,0
13996,0
13998,1
13999,1
14001,1
14021,1
14028,0
14032,1
14043,1
14046,0
14054,1
14061,1
14065,1
14098,1
14114,0
14120,0
14137,0
14139,1
14147,1
14153,1
14172,0
14184,1
14187,1
14198,0
14209,1
14215,0
14220,0
14229,1
14232,0
14234,1
14237,0
14238,1
14241,0
14243,1
14244,1
14245,1
14249,1
14250,1
14254,1
14255,1
14256,1
14260,1
14261,1
14262,1
14263,1
14264,1
14268,1
14274,0
14275,1
14278,1
14279,1
14287,0
14293,1
14294,1
14295,0
14297,1
14298,1
14306,0
14307,0
14311,1
14313,1
14315,1
14316,1
14320,1
14321,1
14325,1
14328,1
14329,1
14331,1
14340,1
14341,1
14342,1
14346,1
14348,0
14352,1
14353,1
14357,1
14364,0
14369,0
14370,1
14379,0
14380,0
14387,1
14395,0
14401,1
14410,0
14414,0
14416,0
14423,1
14425,0
14426,1
14432,0
14444,0
14445,0
14447,0
14448,0
14450,0
14456,0
14462,0
14464,0
14469,0
14473,0
14484,1
14487,0
14491,1
14493,1
14500,0
14502,0
14512,1
14513,1
14515,0
14535,1
14546,1
14550,0
14557,1
14559,0
14568,1
14572,1
14573,1
14581,0
14588,1
14599,1
14600,1
14602,1
14622,0
14630,0
14635,0
14636,0
14641,0
14647,1
14648,0
14655,0
14658,1
14659,0
14665,0
14677,1
14680,1
14692,1
14704,0
14717,0
14718,0
14722,0
14733,0
14740,1
14741,1
14742,1
14746,1
14747,1
14751,1
14753,0
14761,1
14762,1
14767,1
14768,1
14769,0
14771,1
14779,1
14785,1
14786,1
14787,1
14788,1
14789,1
14790,0
14793,1
14807,0
14813,1
14824,1
14847,1
14848,1
14849,1
14850,1
14858,1
14864,0
14878,1
14881,1
14887,1
14888,0
14909,0
14920,1
14924,1
14925,1
14926,1
14929,1
14932,1
14937,1
14940,1
14942,1
14948,0
14958,0
14960,1
14966,1
14970,1
14978,1
14984,1
15007,0
15008,1
15011,0
15022,1
15032,0
15044,1
15049,0
15051,1
15052,0
15058,0
15060,1
15062,1
15063,1
15064,1
15066,1
15068,1
15071,1
15072,0
15081,1
15082,1
15087,1
15090,0
15091,1
15092,1
15093,1
15094,1
15111,0
15112,0
15124,0
15134,0
15137,0
15141,0
15142,0
15145,0
15152,0
15163,0
15164,0
15167,0
15177,0
15178,0
15180,0
15187,0
15190,0
15195,0
15201,0
15205,0
15211,0
15244,1
15246,1
15248,0
15249,1
15252,0
15256,1
15258,1
15260,1
15264,0
15267,1
15268,0
15269,1
15271,1
15275,1
15277,1
15279,0
15282,1
15283,1
15285,1
15289,1
15290,0
15291,1
15292,1
15293,1
15294,1
15296,1
15297,1
15299,1
15305,1
15308,1
15309,1
15313,0
15314,1
15317,0
15318,0
15322,1
15323,1
15324,1
15325,1
15326,1
15329,1
15332,0
15333,1
15334,0
15335,0
15339,1
15345,1
15358,0
15368,0
15372,1
15373,1
15385,1
15386,0
15388,1
15389,1
15390,1
15391,1
15395,0
15397,0
15403,0
15405,1
15422,0
15438,1
15448,0
15452,0
15456,0
15459,1
15462,0
15482,1
15484,0
15494,0
15499,0
15503,0
15514,1
15522,0
15540,1
15558,1
15561,0
15570,1
15572,1
15576,1
15581,1
15592,1
15593,0
15597,1
15600,1
15601,1
15604,1
15605,0
15607,0
15617,1
15622,0
15627,0
15640,0
15651,0
15656,1
15662,0
15673,0
15677,0
15684,0
15690,0
15695,0
15704,0
15714,0
15721,1
15728,0
15735,0
15737,0
15772,0
15783,0
15786,1
15791,0
15794,0
15806,0
15828,0
15835,0
15850,0
15859,1
15883,0
15894,1
15897,0
15901,1
15902,1
15907,1
15916,1
15938,0
15960,1
15971,1
15991,1
15993,1
15994,1
15995,1
16006,1
16012,0
16022,1
16056,1
16065,1
16070,0
16073,0
16074,1
16092,0
16100,1
16101,1
16102,1
16108,1
16113,0
16124,1
16126,0
16135,1
16136,0
16155,0
16179,0
16212,1
16214,1
16223,1
16227,1
16228,1
16229,1
16230,1
16232,1
16244,0
16263,0
16270,1
16272,0
16274,0
16275,1
16276,0
16281,0
16282,1
16289,0
16294,1
16295,0
16300,0
16323,0
16324,0
16333,0
16344,0
16358,0
16366,1
16367,1
16368,1
16371,1
16372,1
16379,0
16382,1
16389,1
16391,1
16395,1
16397,1
16402,0
16410,0
16416,1
16417,1
16418,1
16419,1
16427,0
16430,0
16440,1
16464,1
16466,1
16467,0
16477,0
16481,1
16482,1
16483,1
16485,1
16494,1
16495,1
16533,0
16538,0
16550,0
16561,0
16578,0
16592,1
16604,0
16613,1
16615,0
16626,0
16637,0
16641,0
16671,0
16700,0
16714,0
16732,0
16737,0
16759,1
16762,0
16781,1
16782,1
16793,1
16796,0
16804,0
16811,0
16827,1
16828,1
16843,0
16854,1
16883,1
16891,0
16894,0
16916,1
16935,1
16936,1
16940,1
16942,1
16947,1
16948,1
16949,1
16951,1
16952,1
16953,1
16954,1
16958,1
16959,1
16960,1
16963,1
16964,1
16972,1
16973,1
16974,1
16976,0
16978,1
16981,1
16982,1
16986,1
16987,1
16988,0
16989,1
16990,1
16994,1
16995,1
16996,1
16998,1
17013,0
17016,0
17025,0
17036,1
17037,0
17038,1
17039,1
17040,0
17041,0
17042,1
17043,1
17044,1
17045,0
17046,1
17047,1
17049,1
17050,1
17053,1
17057,0
17058,1
17061,1
17062,1
17064,0
17065,1
17066,1
17070,0
17071,0
17072,0
17074,0
17075,1
17092,0
17094,0
17095,0
17097,1
17108,1
17110,0
17111,0
17113,0
17115,0
17117,0
17118,0
17120,0
17121,1
17124,0
17125,0
17126,0
17127,0
17133,1
17134,1
17137,1
17139,0
17140,1
17143,1
17145,0
17146,0
17147,0
17151,0
17153,0
17158,0
17159,0
17167,0
17169,0
17174,1
17176,0
17178,0
17181,0
17182,0
17185,0
17186,1
17187,0
17188,0
17189,0
17191,0
17193,0
17194,0
17196,0
17197,0
17198,1
17199,0
17200,0
17201,1
17203,0
17204,0
17208,0
17209,0
17212,0
17213,0
17214,0
17216,0
17217,0
17219,0
17220,0
17226,0
17227,0
17228,0
17229,0
17232,1
17233,1
17234,1
17245,1
17263,0
17264,0
17276,0
17277,0
17278,0
17279,0
17280,0
17289,1
17296,1
17324,0
17325,0
17331,1
17332,1
17333,1
17334,1
17340,1
17354,0
17355,0
17375,1
17378,0
17379,0
17380,0
17381,0
17391,1
17392,1
17394,1
17395,1
17396,1
17415,0
17416,0
17417,0
17418,0
17435,0
17469,0
17470,0
17471,0
17472,0
17473,0
17494,0
17507,0
17508,0
17516,0
17524,0
17525,0
17526,0
17535,0
17540,0
17541,0
17548,0
17549,0
17551,0
17562,0
17566,0
17567,0
17569,0
17585,0
17598,0
17599,0
17600,0
17601,0
17616,0
17628,0
17652,0
17679,1
17696,0
17743,1
17744,1
17745,1
17746,1
17747,1
17773,0
17788,0
17789,0
17790,0
17799,0
17800,0
17839,0
17840,0
17841,0
17842,0
17843,0
17844,0
17845,0
17853,0
17857,0
17869,0
17884,0
17887,0
17936,0
17938,0
17941,0
17943,0
17944,0
17949,0
17952,0
17964,0
17965,0
17966,0
17968,0
17969,0
17971,0
17981,0
17983,0
17984,0
17985,0
17986,0
17991,0
17995,0
17999,0
18002,0
18003,0
18004,0
18006,0
18008,0
18011,0
18012,0
18020,0
18022,0
18030,0
18032,0
18033,0
18034,0
18037,0
18043,0
18048,0
18049,0
18050,0
18051,0
18053,0
18055,0
18065,0
18066,0
18067,0
18069,0
18075,0
18076,0
18077,0
18078,0
18081,0
18084,0
18102,0
18110,0
18111,0
18114,0
18115,0
18134,0
18135,0
18136,0
18137,0
18140,0
18145,0
18146,0
18149,1
18150,1
18151,1
18152,1
18153,1
18154,1
18155,0
18158,0
18161,0
18164,0
18165,0
18166,0
18167,0
18170,0
18171,0
18172,0
18192,0
18193,0
18200,0
18201,0
18203,0
18205,0
18206,0
18209,0
18216,0
18224,0
18237,0
18238,0
18239,0
18241,0
18242,0
18243,0
18245,0
18250,0
18253,0
18265,0
18268,0
18269,0
18271,0
18272,0
18273,0
18274,0
18275,0
18277,0
18282,0
18283,0
18288,0
18290,0
18292,0
18293,0
18294,0
18298,0
18300,0
18301,0
18302,0
18303,0
18304,0
18307,0
18308,0
18309,0
18316,0
18317,0
18318,0
18320,0
18321,0
18322,0
18342,0
18343,0
18344,0
18345,0
18346,0
18349,0
18351,0
18352,0
18353,0
18355,0
18358,0
18362,0
18369,1
18370,1
18371,1
18372,1
18373,1
18374,1
18410,1
18411,1
18440,1
18466,0
18467,0
18482,1
18483,1
18484,1
18485,1
18486,1
18487,1
18488,1
18489,1
18490,1
18501,0
18502,0
18544,1
18545,1
18546,1
18547,1
18558,0
18559,0
18560,0
18591,0
18592,0
18734,0
18762,1
18767,1
18768,1
18769,1
18830,0
18847,1
18848,1
18869,0
18873,0
18879,0
18880,0
18954,1
18979,1
18980,1
18981,1
18988,0
18989,0
18991,0
18996,0
18997,0
18998,0
19000,0
19001,0
19002,0
19004,0
19005,0
19006,0
19007,0
19009,0
19011,0
19012,0
19013,0
19015,0
19019,0
19020,0
19021,1
19022,1
19023,1
19024,1
19025,1
19052,1
19053,1
19054,1
19055,1
19056,1
19057,1
19058,1
19059,1
19060,1
19061,1
19062,1
19063,1
19064,1
19065,1
19066,1
19067,1
19068,1
19069,1
19070,1
19071,1
19072,1
19073,1
19074,1
19075,1
19076,1
19077,1
19078,1
19079,1
19080,1
19081,1
19082,1
19083,1
19084,1
19085,1
19086,1
19087,1
19088,1
19089,1
19090,1
19091,1
19092,1
19093,1
19094,1
19095,1
19096,1
19097,1
19098,1
19099,1
19100,1
19101,1
19102,1
19103,1
19104,1
19105,1
19106,1
19107,1
19108,1
19109,1
19110,1
19111,1
19112,1
19113,1
19117,1
19118,1
19119,1
19120,1
19121,1
19122,1
19123,1
19124,1
19125,1
19126,1
19127,1
19128,1
19129,1
19130,1
19132,1
19134,1
19135,1
19136,1
19137,1
19138,1
19139,1
19140,1
19141,1
19142,1
19143,1
19144,1
19145,1
19146,1
19151,1
19152,1
19153,1
19154,1
19155,1
19156,1
19157,1
19158,1
19159,1
19160,1
19161,1
19162,1
19163,1
19164,1
19165,1
19186,1
19187,1
19188,1
19189,1
19190,1
19191,1
19192,1
19193,1
19206,1
19207,1
19208,1
19209,1
19210,1
19211,1
19212,1
19213,1
19214,1
19215,1
19216,1
19217,1
19218,1
19219,1
19220,1
19221,1
19222,1
19223,1
19224,1
19225,1
19226,1
19227,1
19228,1
19229,1
19230,1
19231,1
19232,1
19233,1
19249,1
19250,1
19251,1
19252,1
19262,1
19263,1
19264,1
19265,1
19266,1
19267,1
19268,1
19269,1
19270,1
19277,1
19278,1
19279,1
19280,1
19281,1
19282,1
19283,1
19284,1
19285,1
19286,1
19298,1
19299,1
19300,1
19301,1
19302,1
19303,1
19304,1
19305,1
19306,1
19307,1
19308,1
19309,1
19310,1
19311,1
19312,1
19313,1
19314,1
19315,1
19316,1
19317,1
19318,1
19319,1
19320,1
19321,1
19322,1
19323,1
19324,1
19325,1
19326,1
19327,1
19328,1
19329,1
19330,1
19331,1
19332,1
19333,1
19334,1
19335,1
19336,1
19337,1
19338,1
19339,1
19340,1
19341,1
19342,1
19343,1
19344,1
19345,1
19346,1
19347,1
19348,1
19349,1
19350,1
19351,1
19352,1
19353,1
19354,1
19355,1
19356,1
19357,1
19358,1
19359,1
19360,1
19361,1
19362,1
19363,1
19364,1
19365,1
19366,1
19367,1
19368,1
19369,1
19370,1
19371,1
19372,1
19373,1
19374,1
19375,1
19376,1
19377,1
19378,1
19379,1
19380,1
19381,1
19382,1
19383,1
19384,1
19385,1
19386,1
19387,1
19388,1
19389,1
19390,1
19391,1
19392,1
19393,1
19394,1
19401,1
19402,1
19403,1
19404,1
19405,1
19406,1
19407,1
19408,1
19409,1
19410,1
19411,1
19412,1
19413,1
19414,1
19415,1
19416,1
19417,1
19418,1
19419,1
19420,1
19421,1
19422,1
19423,1
19424,1
19425,1
19426,1
19427,1
19428,1
19429,1
19430,1
19431,1
19432,1
19433,1
19434,1
19435,1
19436,1
19437,1
19438,1
19439,1
19440,1
19441,1
19442,1
19443,1
19444,1
19445,1
19446,1
19447,1
19448,1
19449,1
19450,1
19451,1
19452,1
19453,1
19454,1
19455,1
19456,1
19457,1
19458,1
19459,1
19460,1
19461,1
19462,1
19463,1
19464,1
19465,1
19466,1
19467,1
19468,1
19469,1
19470,1
19471,1
19472,1
19473,1
19474,1
19475,1
19476,1
19477,1
19484,1
19485,1
19486,1
19487,1
19488,1
19489,1
19490,1
19495,1
19496,1
19497,1
19498,1
19503,1
19504,1
19505,1
19506,1
19507,1
19508,1
19509,1
19510,1
19514,1
19515,1
19516,1
19517,1
19518,1
19519,1
19522,1
19523,1
19524,1
19525,1
19526,1
19527,1
19528,1
19529,1
19530,1
19531,1
19532,1
19536,1
19537,1
19538,1
19539,1
19540,1
19541,1
19542,1
19543,1
19544,1
19545,1
19557,1
19558,1
19559,1
19560,1
19561,1
19562,1
19563,1
19564,1
19565,1
19566,1
19567,1
19568,1
19569,1
19570,1
19571,1
19572,1
19573,1
19574,1
19575,1
19576,1
19577,1
19578,1
19579,1
19580,1
19581,1
19582,1
19583,1
19584,1
19585,1
19586,1
19587,1
19588,1
19589,1
19590,1
19591,1
19592,1
19593,1
19594,1
19595,1
19596,1
19597,1
19601,1
19602,1
19603,1
19604,1
19605,1
19606,1
19607,1
19608,1
19609,1
19610,1
19611,1
19612,1
19623,1
19624,1
19625,1
19626,1
19627,1
19628,1
19629,1
19630,1
19631,1
19632,1
19633,1
19634,1
19635,1
19636,1
19637,1
19638,1
19639,1
19640,1
19641,1
19642,1
19643,1
19644,1
19645,1
19646,1
19647,1
19648,1
19649,1
19650,1
19651,1
19652,1
19653,1
19654,1
19655,1
19701,1
19702,1
19703,1
19704,1
19705,1
19706,1
19707,1
19708,1
19709,1
19710,1
19711,1
19712,1
19713,1
19714,1
19715,1
19716,1
19717,1
19718,1
19719,1
19720,1
19721,1
19722,1
19723,1
19724,1
19725,1
19726,1
19727,1
19728,1
19729,1
19730,1
19731,1
19732,1
19733,1
19734,1
19735,1
19736,1
19737,1
19738,1
19739,1
19740,1
19741,1
19742,1
19743,1
19744,1
19745,1
19746,1
19747,1
19748,1
19749,1
19750,1
19751,1
19752,1
19753,1
19754,1
19755,1
19756,1
19757,1
19758,1
19759,1
19760,1
19761,1
19762,1
19763,1
19764,1
19775,1
19776,1
19777,1
19778,1
19779,1
19780,1
19781,1
19782,1
19783,1
19784,1
19785,1
19786,1
19787,1
19788,1
19789,1
19790,1
19791,1
19792,1
19793,1
19794,1
19795,1
19796,1
19797,1
19798,1
19799,1
19800,1
19801,1
19802,1
19803,1
19804,1
19805,1
19806,1
19807,1
19808,1
19809,1
19810,1
19811,1
19812,1
19813,1
19814,1
19815,1
19817,1
19818,1
19822,1
19823,1
19824,1
19825,1
19826,1
19827,1
19833,1
19834,1
19835,1
19836,1
19837,1
19838,1
19839,1
19840,1
19841,1
19842,1
19843,1
19844,1
19845,1
19846,1
19847,1
19848,1
19849,1
19850,1
19851,1
19852,1
19853,1
19854,1
19855,1
19856,1
19857,1
19858,1
19859,1
19860,1
19861,1
19862,1
19863,1
19864,1
19872,1
19873,1
19876,1
19877,1
19878,1
19879,1
19880,1
19881,1
19882,1
19883,1
19884,1
19885,1
19886,1
19887,1
19888,1
19889,1
19890,1
19891,1
19892,1
19893,1
19896,1
19897,1
19898,1
19899,1
19900,1
19901,1
19902,1
19903,1
19904,1
19905,1
19906,1
19907,1
19912,1
19913,1
19914,1
19915,1
19916,1
19917,1
19919,1
19920,1
19921,1
19922,1
19923,1
19924,1
19925,1
19926,1
19927,1
19928,1
19929,1
19930,1
19932,1
19933,1
19934,1
19935,1
19936,1
19937,1
19938,1
19939,1
19940,1
19941,1
19942,1
19943,1
19944,1
19945,1
19946,1
19947,1
19948,1
19949,1
19950,1
19951,1
19952,1
19953,1
19954,1
19955,1
19956,1
19957,1
19958,1
19959,1
19960,1
19961,1
19983,1
19984,1
19985,1
19986,1
19987,1
19988,1
19989,1
19990,1
19993,1
19994,1
19995,1
19996,1
19997,1
19998,1
19999,1
20000,1
20001,1
20002,1
20003,1
20006,1
20008,1
20009,1
20010,1
20011,1
20012,1
20015,1
20016,1
20017,1
20018,1
20019,1
20020,1
20021,1
20022,1
20023,1
20024,1
20025,1
20026,1
20027,1
20028,1
20029,1
20040,1
20041,1
20042,1
20043,1
20044,1
20045,1
20046,1
20047,1
20048,1
20049,1
20050,1
20051,1
20052,1
20053,1
20054,1
20055,1
20056,1
20057,1
20058,1
20059,1
20060,1
20061,1
20062,1
20063,1
20064,1
20065,1
20066,1
20067,1
20068,1
20069,1
20070,1
20071,1
20072,1
20073,1
20074,1
20075,1
20076,1
20077,1
20078,1
20079,1
20080,1
20081,1
20082,1
20083,1
20084,1
20085,1
20086,1
20087,1
20088,1
20089,1
20090,1
20091,1
20092,1
20093,1
20094,1
20095,1
20096,1
20097,1
20098,1
20099,1
20100,1
20101,1
20102,1
20103,1
20104,1
20105,1
20106,1
20107,1
20108,1
20109,1
20110,1
20111,1
20112,1
20113,1
20114,1
20115,1
20116,1
20117,1
20118,1
20119,1
20120,1
20121,1
20122,1
20123,1
20124,1
20125,1
20126,1
20127,1
20128,1
20129,1
20130,1
20131,1
20132,1
20133,1
20134,1
20135,1
20136,1
20137,1
20138,1
20139,1
20140,1
20141,1
20142,1
20143,1
20144,1
20149,1
20150,1
20151,1
20152,1
20153,1
20154,1
20155,1
20156,1
20157,1
20158,1
20159,1
20160,1
20161,1
20162,1
20163,1
20164,1
20165,1
20166,1
20167,1
20168,1
20169,1
20170,1
20171,1
20172,1
20173,1
20174,1
20175,1
20176,1
20177,1
20178,1
20179,1
20180,1
20181,1
20182,1
20183,1
20184,1
20185,1
20186,1
20187,1
20188,1
20192,1
20193,1
20194,1
20195,1
20196,1
20197,1
20198,1
20199,1
20200,1
20203,1
20204,1
20205,1
20206,1
20207,1
20208,1
20209,1
20210,1
20211,1
20212,1
20213,1
20214,1
20215,1
20216,1
20217,1
20219,1
20220,1
20221,1
20222,1
20223,1
20224,1
20225,1
20226,1
20227,1
20228,1
20229,1
20230,1
20231,1
20232,1
20233,1
20234,1
20235,1
20236,1
20237,1
20238,1
20239,1
20240,1
20241,1
20242,1
20243,1
20244,1
20245,1
20246,1
20247,1
20248,1
20249,1
20250,1
20251,1
20252,1
20253,1
20254,1
20255,1
20256,1
20257,1
20258,1
20259,1
20260,1
20261,1
20262,1
20263,1
20264,1
20265,1
20266,1
20267,1
20268,1
20269,1
20270,1
20271,1
20272,1
20273,1
20274,1
20275,1
20286,1
20287,1
20288,1
20289,1
20290,1
20291,1
20292,1
20293,1
20294,1
20295,1
20296,1
20298,1
20299,1
20300,1
20301,1
20302,1
20338,1
20339,1
20340,1
20341,1
20342,1
20343,1
20344,1
20345,1
20346,1
20348,1
20349,1
20350,1
20351,1
20352,1
20353,1
20354,1
20355,1
20356,1
20357,1
20358,1
20359,1
20360,1
20361,1
20369,1
20370,1
20371,1
20372,1
20373,1
20374,1
20375,1
20376,1
20377,1
20378,1
20379,1
20380,1
20381,1
20382,1
20383,1
20384,1
20388,1
20389,1
20390,1
20391,1
20392,1
20393,1
20394,1
20395,1
20396,1
20397,1
20398,1
20399,1
20400,1
20401,1
20402,1
20403,1
20404,1
20405,1
20406,1
20407,1
20408,1
20409,1
20410,1
20411,1
20412,1
20413,1
20414,1
20415,1
20416,1
20417,1
20418,1
20419,1
20420,1
20421,1
20422,1
20428,1
20429,1
20430,1
20436,1
20437,1
20438,1
20455,1
20456,1
20457,1
20458,1
20464,1
20465,1
20466,1
20469,1
20470,1
20471,1
20472,1
20473,1
20474,1
20475,1
20476,1
20477,1
20478,1
20479,1
20480,1
20481,1
20482,1
20483,1
20484,1
20485,1
20486,1
20487,1
20488,1
20489,1
20490,1
20491,1
20492,1
20493,1
20494,1
20495,1
20496,1
20497,1
20498,1
20499,1
20500,1
20501,1
20502,1
20503,1
20504,1
20505,1
20506,1
20507,1
20508,1
20509,1
20529,1
20530,1
20532,1
20533,1
20534,1
20535,1
20536,1
20537,1
20538,1
20539,1
20540,1
20541,1
20542,1
20543,1
20544,1
20546,1
20548,1
20549,1
20550,1
20551,1
20552,1
20554,1
20555,1
20556,1
20557,1
20558,1
20559,1
20560,1
20561,1
20562,1
20563,1
20564,1
20565,1
20566,1
20567,1
20568,1
20569,1
20570,1
20571,1
20572,1
20573,1
20574,1
20575,1
20576,1
20588,1
20589,1
20590,1
20594,1
20595,1
20596,1
20597,1
20598,1
20599,1
20600,1
20601,1
20602,1
20603,1
20606,1
20607,1
20608,1
20609,1
20610,1
20611,1
20612,1
20613,1
20615,1
20616,1
20617,1
20618,1
20619,1
20621,1
20622,1
20623,1
20624,1
20625,1
20626,1
20627,1
20628,1
20630,1
20631,1
20633,1
20637,1
20638,1
20639,1
20640,1
20642,1
20644,1
20646,1
20647,1
20662,1
20666,1
20668,1
20670,1
20671,1
20676,1
20682,1
20684,1
20686,1
20687,1
20688,1
20689,1
20690,1
20691,1
20692,1
20693,1
20695,1
20696,1
20697,1
20698,1
20699,1
20700,1
20701,1
20702,1
20703,1
20704,1
20705,1
20706,1
20707,1
20708,1
20709,1
20710,1
20711,1
20712,1
20713,1
20714,1
20715,1
20716,1
20717,1
20718,1
20719,1
20720,1
20721,1
20722,1
20723,1
20724,1
20725,1
20726,1
20727,1
20728,1
20729,1
20730,1
20731,1
20732,1
20733,1
20734,1
20735,1
20736,1
20737,1
20747,1
20748,1
20749,1
20763,1
20764,1
20765,1
20766,1
20767,1
20768,1
20769,1
20770,1
20771,1
20772,1
20773,1
20774,1
20775,1
20776,1
20777,1
20778,1
20779,1
20780,1
20781,1
20782,1
20783,1
20784,1
20785,1
20786,1
20787,1
20788,1
20789,1
20790,1
20791,1
20792,1
20793,1
20794,1
20795,1
20796,1
20797,1
20798,1
20799,1
20800,1
20801,1
20802,1
20803,1
20804,1
20805,1
20806,1
20807,1
20808,1
20815,1
20816,1
20817,1
20818,1
20819,1
20820,1
20821,1
20822,1
20823,1
20824,1
20825,1
20826,1
20827,1
20828,1
20829,1
20830,1
20831,1
20832,1
20833,1
20834,1
20835,1
20841,1
20842,1
20843,1
20844,1
20850,1
20851,1
20852,1
20853,1
20854,1
20855,1
20856,1
20857,1
20858,1
20859,1
20860,1
20861,1
20862,1
20863,1
20864,1
20865,1
20866,1
20867,1
20868,1
20869,1
20870,1
20871,1
20872,1
20873,1
20874,1
20875,1
20876,1
20877,1
20878,1
20879,1
20880,1
20881,1
20882,1
20883,1
20884,1
20885,1
20886,1
20887,1
20888,1
20889,1
20890,1
20891,1
20892,1
20893,1
20894,1
20895,1
20901,1
20902,1
20903,1
20904,1
20905,1
20906,1
20907,1
20910,1
20911,1
20912,1
20913,1
20914,1
20915,1
20916,1
20928,1
20929,1
20930,1
20931,1
20932,1
20933,1
20934,1
20935,1
20936,1
20937,1
20938,1
20939,1
20952,1
20953,1
20954,1
20955,1
20956,1
20957,1
20958,1
20959,1
20963,1
20964,1
20965,1
20966,1
20967,1
20968,1
20969,1
20973,1
20974,1
20975,1
20976,1
20977,1
20978,1
20979,1
20980,1
20981,1
20982,1
20983,1
20984,1
20985,1
20986,1
20987,1
20988,1
20989,1
20991,1
20992,1
20993,1
20994,1
20995,1
20996,1
20997,1
20998,1
21009,1
21010,1
21011,1
21012,1
21013,1
21014,1
21015,1
21016,1
21017,1
21018,1
21019,1
21020,1
21021,1
21022,1
21023,1
21024,1
21025,1
21026,1
21040,1
21041,1
21042,1
21043,1
21044,1
21045,1
21046,1
21047,1
21048,1
21049,1
21050,1
21051,1
21052,1
21053,1
21054,1
21055,1
21056,1
21057,1
21058,1
21059,1
21060,1
21061,1
21062,1
21063,1
21064,1
21065,1
21066,1
21067,1
21068,1
21069,1
21070,1
21071,1
21072,1
21073,1
21074,1
21075,1
21076,1
21077,1
21078,1
21079,1
21080,1
21081,1
21082,1
21083,1
21084,1
21085,1
21086,1
21087,1
21088,1
21089,1
21090,1
21091,1
21092,1
21093,1
21094,1
21095,1
21096,1
21098,1
21099,1
21100,1
21101,1
21102,1
21103,1
21104,1
21105,1
21106,1
21107,1
21108,1
21110,1
21111,1
21113,1
21114,1
21115,1
21116,1
21117,1
21118,1
21120,1
21121,1
21131,1
21132,1
21133,1
21134,1
21135,1
21137,1
21138,1
21139,1
21140,1
21141,1
21142,1
21143,1
21144,1
21145,1
21146,1
21147,1
21148,1
21149,1
21150,1
21151,1
21152,1
21153,1
21154,1
21155,1
21156,1
21157,1
21158,1
21159,1
21160,1
21161,1
21162,1
21163,1
21164,1
21165,1
21166,1
21167,1
21168,1
21169,1
21170,1
21171,1
21172,1
21173,1
21174,1
21175,1
21176,1
21177,1
21178,1
21179,1
21180,1
21181,1
21182,1
21183,1
21184,1
21185,1
21186,1
21187,1
21188,1
21189,1
21190,1
21191,1
21192,1
21193,1
21194,1
21195,1
21196,1
21197,1
21198,1
21199,1
21200,1
21201,1
21202,1
21203,1
21204,1
21205,1
21206,1
21207,1
21208,1
21209,1
21210,1
21211,1
21220,1
21221,1
21222,1
21223,1
