id,prediction,probability
0,1,0.6916666666666617
1,1,0.5683333333333284
2,0,0.12333385571875671
3,1,0.6519444444442317
4,0,0.3043524811022819
5,1,0.6344444444444394
6,1,0.5316650206613083
7,1,0.5755555555555505
8,1,0.5927777777777729
9,1,0.6402777777777727
10,1,0.6049999999999619
11,1,0.5952777777777727
12,1,0.4202777777776589
13,1,0.5155555555552865
14,1,0.4480555555554752
15,1,0.48277777777766356
16,0,0.3644444412242649
17,1,0.4536111111097512
18,1,0.6991666666542828
19,0,0.0055556844996765345
20,0,0.1347408523739453
21,0,0.08752564965095362
22,0,0.32842569613105665
23,1,0.49111111108362576
24,0,0.16559579790553727
25,1,0.5472222222222113
26,1,0.7228702163981614
27,1,0.6263888888698135
28,1,0.6161111111110381
29,1,0.6438888888860993
30,1,0.45666666609773965
31,1,0.47083333333292005
32,0,0.3919444444441988
33,1,0.5911111111111061
34,0,0.13277779444444612
35,1,0.6902777777777729
36,1,0.6002777777777728
37,0,0.35527754720526156
38,1,0.6119444444444394
39,1,0.5347222222222172
40,1,0.48944444444112206
41,1,0.5111111111084975
42,1,0.43694444444195296
43,1,0.6227777777777728
44,1,0.6030555555555506
45,1,0.5611111111111061
46,1,0.5658333333333283
47,1,0.5791666063386971
48,1,0.5102777777712663
49,0,0.12924860061130647
50,0,0.08373174348920055
51,1,0.41807158548899775
52,0,0.15373005658414543
53,0,0.14358794156137691
54,0,0.07503862460925276
55,0,0.2290405219423026
56,1,0.5392857142857093
57,0,0.02777821272364363
58,1,0.42555555555488683
59,0,0.03805564942705202
60,1,0.6524602984707831
61,1,0.5805555555555435
62,1,0.43555350526164255
63,1,0.4591666666666616
64,0,0.011619872892353916
65,1,0.4777777777307925
66,1,0.4697222222222172
67,0,3.402639822542559e-08
68,0,1.666666832456007e-08
69,1,0.6038888888888839
70,0,0.10753969920635086
71,0,0.11990961371335775
72,0,0.2613745777648717
73,0,0.000497935407624424
74,1,0.5549779413802817
75,1,0.5772222222222171
76,1,0.44694444380702075
77,1,0.5027777777777728
78,1,0.5488888888888191
79,1,0.5111111111107287
80,1,0.5916666666666074
81,0,0.061497923020658485
82,1,0.5411111110983011
83,0,0.07916083432668192
84,1,0.6399999999999949
85,0,0.08585697453615183
86,1,0.6247222222219194
87,1,0.5549999999999949
88,1,0.519722222222184
89,1,0.5023412698412648
90,0,0.0702041290356448
91,1,0.5303968253962246
92,1,0.6184523809523759
93,1,0.6041666666666616
94,1,0.5494444444444294
95,0,0.07389545280815156
96,1,0.44513888888888387
97,0,0.0633431140634283
98,0,0.055595751259080006
99,1,0.46777777777777274
100,1,0.45361111111104163
101,0,0.38111111091418737
102,1,0.4630555077988812
103,1,0.4241666666642836
104,1,0.5708333333333105
105,1,0.5000965641262126
106,1,0.5576970387840784
107,1,0.6469444444444394
108,1,0.4658333333307622
109,1,0.4880555555555099
110,1,0.5180555555554671
111,1,0.5538888888888839
112,1,0.6066666666666616
113,0,0.15000001666666832
114,1,0.5853968253688743
115,1,0.5811111111111061
116,1,0.5198736080354559
117,0,0.10166668333333499
118,0,0.06083335000000165
119,0,0.28885748065229483
120,0,0.1689156611134002
121,1,0.45333333333322007
122,1,0.5994444444444395
123,0,0.1305555722222239
124,0,0.07916668333333499
125,0,0.01943643840359002
126,1,0.5338888888888839
127,1,0.42416666659390995
128,1,0.5983333320353077
129,0,0.09804404691933488
130,1,0.547222222222206
131,1,0.5597222222222172
132,1,0.5777777777777642
133,1,0.42305555555505997
134,1,0.6833333333333284
135,0,0.20968749179927695
136,1,0.6502777777777161
137,1,0.5390079365074036
138,0,0.3980555555552132
139,0,0.08708224648102048
140,0,1.666666832456007e-08
141,0,0.26499687460584576
142,0,0.09308290564616845
143,1,0.5069444444443874
144,1,0.5540079365049816
145,0,0.00833663574134885
146,0,0.3098017697116724
147,1,0.4083899872643224
148,0,0.038888905555557206
149,0,0.06083481144505462
150,0,0.16484272538369274
151,0,0.17844742220865936
152,0,0.24514040009636498
153,1,0.4130555554700687
154,1,0.609007936320694
155,1,0.6395634919104677
156,1,0.45166666664155586
157,0,0.0759245344371335
158,1,0.49817460317459816
159,1,0.46450572476062696
160,1,0.46777777777777274
161,1,0.4813888881346522
162,1,0.6072222222222091
163,1,0.668611111111106
164,1,0.586111111111106
165,1,0.5622222222222172
166,1,0.5108333333333283
167,1,0.47916666666665936
168,1,0.43777777756113206
169,0,0.30611111098007254
170,1,0.4205555555555505
171,1,0.46333333333120597
172,0,0.3061111095862465
173,0,0.3850159740982821
174,1,0.5341666666666526
175,1,0.44444444444443937
176,1,0.4994444444444394
177,1,0.5841666666666564
178,1,0.6208333333333284
179,1,0.49513888888888385
180,1,0.42847222222221726
181,1,0.4605555555547589
182,1,0.5147222222222115
183,1,0.5048167587800209
184,1,0.5220892566356905
185,1,0.6272222222222151
186,1,0.5031746031745982
187,0,0.12111154139338794
188,0,0.2814109269736727
189,1,0.6127777777777729
190,0,0.38166637904275924
191,1,0.584165386927904
192,1,0.622222222221884
193,1,0.6630555555555505
194,1,0.6769444444444396
195,1,0.4331746031742958
196,1,0.5094444444444103
197,0,0.13063493730158895
198,1,0.4606508395421032
199,1,0.5566666666665737
200,1,0.42833333240470695
201,1,0.4422222222220755
202,1,0.5066666666666616
203,1,0.5391645148863052
204,0,0.061274502880698974
205,1,0.5287301587301536
206,1,0.593174603174598
207,1,0.5972219951605352
208,1,0.5111111111095892
209,0,0.39777777754760635
210,1,0.41944443953456184
211,1,0.5972222222222064
212,1,0.5952777777776816
213,0,0.12502675824606338
214,0,7.417923109070299e-05
215,1,0.6108333333333282
216,1,0.7002777777777566
217,1,0.574999999999995
218,1,0.5002777777701366
219,1,0.6394444444271028
220,1,0.5158333333333283
221,1,0.4399999999991677
222,1,0.49166666666264375
223,1,0.6355555555555505
224,1,0.516111111111034
225,1,0.4286111111110585
226,1,0.4369444444444219
227,1,0.669999999999995
228,1,0.6852777777777727
229,1,0.6144444444444396
230,0,0.28507712587546913
231,1,0.4874999999999732
232,1,0.5299999999999943
233,1,0.5105555555555505
234,1,0.5091666666666615
235,1,0.6705555555555506
236,1,0.5644444444444394
237,1,0.4477777777777727
238,1,0.6494444444417061
239,1,0.5430555555555506
240,1,0.44722222222203273
241,1,0.5120634920634871
242,1,0.5355555555555506
243,1,0.5258333332511544
244,1,0.522222222221931
245,1,0.626111111111106
246,1,0.5255555555555506
247,1,0.46722222222221715
248,1,0.5287301587301537
249,1,0.4874999999995697
250,1,0.5222222221458052
251,1,0.4958333333333283
252,1,0.44805555555485604
253,1,0.5909523809523759
254,0,0.38777777754289716
255,1,0.5055555555555505
256,1,0.5978968253933112
257,1,0.4140108573655392
258,1,0.4233333333333284
259,0,0.06083335000000165
260,1,0.6383658737251056
261,1,0.4733333333333283
262,1,0.41611111111097826
263,1,0.4963888888887915
264,1,0.6333333333333283
265,1,0.6547222222222172
266,1,0.6894444444444394
267,1,0.6277777777777728
268,1,0.6102777777777727
269,1,0.5786111111111023
270,0,0.3852777777740164
271,1,0.492222222222072
272,0,0.342777766872799
273,1,0.5688888888888838
274,1,0.5838888888888838
275,1,0.4666666666666615
276,1,0.5583333333333284
277,1,0.40666666666476403
278,1,0.4769444444444055
279,1,0.4855555555555
280,1,0.470833333333208
281,1,0.41611111111090837
282,0,0.0372487493487701
283,1,0.6327777777777501
284,1,0.5220634920634724
285,1,0.5391666666666616
286,1,0.6073412698412647
287,1,0.5611111111111055
288,1,0.5027777777777728
289,1,0.5366666666666616
290,1,0.43361111111110606
291,1,0.6694444444444394
292,1,0.5938888888888838
293,0,0.38805555546527043
294,1,0.40999999999999504
295,1,0.6172222222222172
296,1,0.584999999999895
297,0,0.30415065213510745
298,1,0.4552777777777728
299,1,0.6616666666666616
300,1,0.5006746031745982
301,1,0.6208333333333284
302,1,0.5305555555555381
303,1,0.4383333333333283
304,0,0.18223844069598763
305,1,0.5563888888888839
306,1,0.47611111111110604
307,1,0.5319444444444393
308,1,0.47388888888878844
309,0,0.072728201062449
310,1,0.6963888888888837
311,1,0.4805555555555186
312,1,0.4999999999999132
313,1,0.5522222222222101
314,1,0.5638888888888839
315,0,0.07750001666666834
316,1,0.6911111111111062
317,1,0.5522222222222172
318,1,0.5201190476190426
319,1,0.5374999999999949
320,1,0.449999999999995
321,1,0.5073412698412648
322,1,0.42833333333314666
323,1,0.4327777777777722
324,0,0.14305557222222384
325,1,0.6583333333333282
326,1,0.466666666666178
327,1,0.5049999999999885
328,1,0.5961111111111043
329,1,0.5788888888888838
330,1,0.6769444444444396
331,1,0.5640079365079315
332,0,0.38944444443924536
333,1,0.5469444444444393
334,1,0.5766666666666616
335,1,0.4501190476190426
336,1,0.4341666666665185
337,0,0.3969444393543922
338,1,0.49999999999999495
339,1,0.5055555555555495
340,1,0.43944444444408753
341,1,0.45916666666666067
342,1,0.48083333333332834
343,1,0.5168253968252701
344,1,0.5022222222222171
345,1,0.6444444444444007
346,0,0.1463889055555572
347,1,0.5958333333333283
348,0,0.2533861270805515
349,1,0.6613888888888507
350,0,0.37472222219566387
351,1,0.4916652136570067
352,0,0.38305555496127397
353,0,0.2577988823748509
354,1,0.4549999807990985
355,1,0.6502777777775821
356,1,0.5305555555555505
357,0,0.3380555552169539
358,1,0.5249999999999949
359,1,0.4547222222183651
360,1,0.4513888888888838
361,1,0.5299999999855355
362,1,0.6277777777777728
363,1,0.5277777777777656
364,0,0.001863940998993836
365,1,0.5652777777777677
366,1,0.5638888888888302
367,1,0.572222222221906
368,1,0.6222222222222054
369,1,0.6611111111111061
370,1,0.6349887315374028
371,1,0.605555555555539
372,0,0.13611398672036393
373,0,0.3524999029438723
374,1,0.5805555555555505
375,1,0.686111111111106
376,1,0.6277777777777727
377,1,0.5437185808668515
378,1,0.7738888888888124
379,0,0.37055555025225456
380,1,0.4474999999995097
381,1,0.545952380952301
382,1,0.475555555551535
383,0,0.38583332517977426
384,1,0.6736111111111062
385,1,0.5152777777766137
386,1,0.6330555555555505
387,0,0.1326424546081613
388,1,0.5694444444444394
389,1,0.436944444444436
390,1,0.5736111111111061
391,1,0.4680555555550236
392,1,0.7099999876078124
393,1,0.5702777777777727
394,1,0.4119444444427159
395,1,0.5341666666666568
396,1,0.4641666666666617
397,1,0.5374999999999782
398,1,0.44111111111095136
399,1,0.4372190449051701
400,1,0.41999999999638765
401,0,1.2295135678102966e-05
402,0,0.3686111108596572
403,0,0.2766824301345383
404,1,0.45222222222214786
405,1,0.505555555555549
406,1,0.6497222222222172
407,1,0.5919444444444394
408,1,0.6138888888888838
409,1,0.48416666666664354
410,0,0.37749970710228814
411,1,0.6522222222222173
412,1,0.47166666666396867
413,1,0.49166666666176084
414,0,0.35249999940397053
415,1,0.5911111111111061
416,0,0.3894442961406292
417,0,0.2982927024491839
418,1,0.5680555555555505
419,1,0.5197222222222171
420,1,0.40472222222221726
421,1,0.48527777777631326
422,1,0.5355555555555506
423,1,0.48666666666642516
424,1,0.5194444444444394
425,1,0.45277777777764694
426,1,0.4899999999999454
427,1,0.44694444441913017
428,1,0.5541666666666617
429,0,0.26657965631433184
430,1,0.5636111111111061
431,1,0.4577777777777512
432,1,0.608611111111106
433,1,0.4394444444440924
434,1,0.5763888888888838
435,1,0.5047222222216451
436,0,0.08923726600854726
437,1,0.6511111110860827
438,0,0.37833333333178226
439,0,0.27499990843773964
440,1,0.4958333333333281
441,1,0.6719444444444393
442,1,0.4033333333333213
443,0,0.3988888425194966
444,1,0.4219444352578862
445,0,0.3424295215371001
446,1,0.4159593329336924
447,0,0.061620435758089454
448,1,0.5074999999998118
449,0,0.38111111103648715
450,0,0.08563798980464145
451,1,0.7241666666663239
452,1,0.531111111099882
453,1,0.5398412698412648
454,0,0.3455555179361207
455,1,0.5822222222222172
456,1,0.5261111111108269
457,1,0.6633333333333155
458,1,0.7177777777777729
459,1,0.5736111111111061
460,0,0.07222224242787206
461,1,0.4116666666643927
462,1,0.5011111111105013
463,0,0.30055554531007966
464,1,0.7280555555542493
465,1,0.5398412698412648
466,1,0.49567460317458933
467,1,0.5516666666666205
468,1,0.45138888888886974
469,0,0.27307126585534597
470,1,0.6702777777777499
471,1,0.6463888888888839
472,1,0.6582407407407357
473,1,0.4144444444227427
474,0,0.3080553938678378
475,1,0.45277777777776124
476,1,0.4641666666666617
477,1,0.5202777777777728
478,1,0.6813888888888839
479,1,0.46999999999928344
480,0,0.07722223888889054
481,1,0.6272222222222171
482,0,0.36793530252292633
483,1,0.6302777777777727
484,1,0.4953968253968204
485,1,0.4472222222222148
486,1,0.47916666666666163
487,1,0.6244444444444394
488,0,0.3338888885531705
489,1,0.5986111111111061
490,1,0.5034975206872304
491,1,0.6049999999999949
492,1,0.687222222222042
493,1,0.43944444443993697
494,1,0.4722222222222172
495,1,0.5188888888888838
496,0,0.38790062272269327
497,1,0.5227777777234645
498,1,0.7040251301020053
499,1,0.567499999999995
500,1,0.6161111111107679
501,0,0.01664012307556786
502,1,0.4243617899570425
503,1,0.5630555555555504
504,1,0.6011111111110949
505,1,0.43666666666584014
506,0,0.09681008194453915
507,0,0.3002431201269958
508,0,0.09418545106372363
509,1,0.5477777777777727
510,0,0.3984014664217271
511,1,0.5319444444444393
512,1,0.538332975461631
513,1,0.6391666666663797
514,1,0.42749999339550926
515,1,0.4283333333328126
516,1,0.5991666666666616
517,1,0.5244444443940347
518,0,0.3399999989416782
519,1,0.6244444444444394
520,1,0.5541666666666617
521,1,0.6497222222222172
522,0,0.33391742381413697
523,1,0.5549998540901142
524,1,0.5758333333333283
525,1,0.49027777777776427
526,1,0.5333333333317022
527,1,0.7194444444444396
528,1,0.5666666666666617
529,1,0.624999999999995
530,0,0.32750872923349456
531,1,0.4708333333272868
532,1,0.6443518518518384
533,1,0.6874999999999951
534,1,0.5252777777777727
535,0,0.1400871454729192
536,1,0.6116666666666616
537,1,0.47916666666666163
538,1,0.47694430679970573
539,1,0.4777777777777467
540,1,0.49722222222220985
541,0,0.014696265297958184
542,1,0.627499999999995
543,1,0.4874999999983641
544,0,0.10292834038266531
545,0,0.14333339595224304
546,1,0.4844444444436344
547,1,0.6291666666666617
548,1,0.4308647479089284
549,0,0.08139525801174947
550,1,0.5494444444444394
551,1,0.6444444444444394
552,1,0.4819444444428829
553,1,0.5547222222218463
554,0,0.3224077677616459
555,0,0.1583334206525477
556,1,0.4644444444434628
557,1,0.5877777777777727
558,1,0.5722222222222172
559,0,0.23527777777777778
560,1,0.5311111111111061
561,1,0.6266666666666616
562,1,0.4844444444444394
563,1,0.6888888888888838
564,0,0.28305583750312097
565,1,0.6097222222222172
566,1,0.410276852557103
567,1,0.5480555555555505
568,1,0.6313888888888811
569,1,0.5930555555555506
570,1,0.5077777774196709
571,1,0.5013888888888828
572,1,0.5944444444439366
573,1,0.594365539931288
574,1,0.5905555555549787
575,1,0.5827777777777727
576,1,0.6255555555555506
577,1,0.6074999999999949
578,1,0.5758333333333282
579,0,0.3415779064809695
580,1,0.5641666666666616
581,0,0.07491454658119824
582,0,0.09833357597447694
583,1,0.5208333333317885
584,1,0.5961111111111062
585,1,0.6886111111111061
586,1,0.5688888888888839
587,1,0.5661111111111007
588,0,0.38388888888299194
589,1,0.6719444444444395
590,1,0.5466666666666357
591,1,0.5388888888888839
592,0,0.13958606274204874
593,1,0.45638888888838514
594,1,0.4186396963624868
595,1,0.6883333333333143
596,1,0.5223412698412647
597,1,0.567063492063487
598,0,0.39138888881227346
599,0,0.07750001666666831
600,1,0.5238888888888839
601,1,0.5791666666666616
602,1,0.606111111111106
603,1,0.4811111111111061
604,0,0.2371196362219652
605,1,0.701388888888884
606,1,0.6736111111111062
607,1,0.5547222222222171
608,1,0.5063888888888838
609,1,0.4952777777777728
610,1,0.5291666666666032
611,1,0.5797222222222173
612,1,0.6272222222222171
613,0,0.050024286773668526
614,1,0.44931871527729766
615,1,0.6855555555553875
616,1,0.5555555555555499
617,1,0.5472222222222173
618,1,0.6377777777777728
619,1,0.6472222222222171
620,1,0.5874999999999949
621,0,0.3564749822613955
622,1,0.5438888888888839
623,1,0.6616666666666616
624,1,0.6424999999999951
625,1,0.5305555555555416
626,1,0.5844444444444393
627,1,0.6208333333333284
628,1,0.4744444444444318
629,1,0.5527777777777728
630,1,0.5527777777777728
631,1,0.5319444444444394
632,0,0.045285096960883876
633,0,0.028000644869859235
634,0,0.03750020542333778
635,0,0.0975007722566573
636,1,0.6383333333333283
637,0,0.03259460337063242
638,0,0.1312964728534588
639,0,0.36361111094938864
640,1,0.48666666666665814
641,0,0.3469441359103615
642,1,0.48666666666536623
643,1,0.6138888888888838
644,1,0.6353571428567331
645,1,0.5691666666666615
646,0,0.025953956388274236
647,0,2.5216434104864327e-06
648,0,0.2703088596454685
649,1,0.49444444395421977
650,1,0.4220483308386019
651,0,0.19248462298463118
652,0,0.03381464175153125
653,0,0.3226149259738064
654,0,0.3005555551575659
655,0,0.21018327945813942
656,0,0.2812013378120213
657,1,0.5566666666666616
658,1,0.6536111111111061
659,0,0.13753473367039248
660,1,0.42277777777705494
661,0,0.08262120236297803
662,1,0.49861111111109163
663,1,0.41166666660649787
664,0,0.029625173080306877
665,1,0.6411111110973811
666,0,0.302206662756812
667,1,0.47722222222186583
668,0,0.11194446111111274
669,1,0.44240161974081355
670,1,0.4371316169368277
671,0,0.29846492566352634
672,1,0.5039432058554175
673,0,0.29570264294394266
674,1,0.40527777763663625
675,0,0.06947737837390898
676,0,0.36999999999246286
677,0,0.11078369891908117
678,0,0.17015436140910578
679,1,0.40333333333244575
680,1,0.7372194038167135
681,1,0.4061329880371864
682,1,0.5230555555555505
683,1,0.45315029124091516
684,1,0.5591666666666524
685,0,0.29638888510939404
686,0,0.33583332274577066
687,0,0.34138888875494294
688,1,0.4819444444441263
689,0,0.3955555554987487
690,0,0.36777768036298314
691,0,0.17917374762594904
692,0,0.15144509613744786
693,0,0.3865932212383136
694,0,0.31490983210542706
695,0,0.33690553275349316
696,0,0.09824444193702624
697,1,0.5663888773049336
698,1,0.6094032538913946
699,1,0.4183344192794946
700,0,0.2640855415173873
701,0,0.3283333332861511
702,1,0.5597222222222171
703,0,0.16557605204016282
704,0,0.3344444401148999
705,0,0.14452004027446605
706,0,0.396317781410471
707,0,0.36515387666244575
708,1,0.43583333303363675
709,0,0.32630944291122943
710,0,0.016880428789385064
711,1,0.6505555555555506
712,0,0.20758169814312807
713,0,0.33418041234507695
714,1,0.5859523809521965
715,1,0.43138888888743837
716,1,0.5902777777777422
717,0,0.10607086082541321
718,0,0.3269444256903065
719,0,0.31166666544189486
720,0,0.013948714731688091
721,1,0.4772222222222171
722,0,0.1171599785493886
723,0,0.25852442634218964
724,0,0.3186111110749083
725,0,0.36527777740051426
726,0,0.2921599885686715
727,1,0.6046693121693071
728,1,0.5291666666666616
729,0,0.26904388918911637
730,1,0.5272222222222172
731,1,0.4944444444444394
732,0,0.19922639566888686
733,1,0.41333333077726
734,0,0.2889920194531606
735,1,0.5098412698412648
736,1,0.45416666666631883
737,1,0.4519444444442822
738,0,0.3077777773736217
739,0,0.04312283970105348
740,0,0.2635906880780315
741,1,0.5566666666666616
742,0,0.30055546315695253
743,0,0.35888888886619247
744,0,0.09373583265424483
745,0,0.08922752829219976
746,0,0.38166618048953627
747,0,0.3943820575379695
748,0,0.3876228862356989
749,1,0.5536111111111061
750,1,0.43499999999967676
751,0,0.2907903832131647
752,0,0.0017671529532772698
753,1,0.5599999999756567
754,1,0.45888888884396956
755,1,0.4932539579186301
756,1,0.5722222222222001
757,0,0.0784302109922458
758,0,0.2649572247671573
759,0,0.29277707154519633
760,0,0.35388873617638916
761,0,0.11860143155218174
762,1,0.6924999999992366
763,0,0.315319769035802
764,1,0.579999999999995
765,0,0.33346387785584836
766,1,0.41166666666053775
767,1,0.4862301587301537
768,0,0.34153940514301945
769,0,0.28622582212377917
770,0,0.13696910885139366
771,1,0.6947222222221773
772,1,0.6327777777777728
773,1,0.5161111111109102
774,1,0.6605555554357186
775,1,0.452777772316195
776,0,0.33721905709153005
777,0,0.3427777628578113
778,1,0.5872222222222171
779,0,0.023813671670432256
780,1,0.667499999999995
781,0,0.08399780820758707
782,1,0.43694433324445076
783,0,0.10039737007617873
784,1,0.5980555555555388
785,1,0.6247222222221297
786,0,0.3275125488018565
787,0,0.32833333332460457
788,1,0.4344444444407287
789,0,0.17690314143873398
790,0,0.17446977213686163
791,1,0.4065087148985664
792,1,0.5951190476190334
793,0,0.06677099896217585
794,0,0.0025506497220340965
795,1,0.4233333333333276
796,0,0.355833330708486
797,1,0.406388888799309
798,0,0.38111111110660856
799,1,0.5288888888888839
800,1,0.5177777777777727
801,0,0.37305555555519926
802,0,0.02223785678519206
803,0,0.016202594160727852
804,1,0.6480555554724984
805,1,0.5616666666666617
806,1,0.5161111111111062
807,1,0.4486111111110936
808,1,0.48166666666489516
809,0,0.06805557222222387
810,0,0.07222223888889054
811,1,0.555952380952376
812,1,0.5586111111111061
813,1,0.6380555555555505
814,0,0.04166668333333499
815,0,0.04583335000000165
816,0,0.28952636341249677
817,0,0.1305555722222239
818,0,2.544420808485991e-06
819,1,0.5549999999999949
820,0,0.20377136846461888
821,0,0.023611127777779434
822,0,0.13585295451811144
823,1,0.721666666666339
824,1,0.47555555555555057
825,0,0.016063714553259587
826,0,0.06611112777777944
827,0,0.015289241266720176
828,0,0.10976192142857306
829,0,0.07305557222222388
830,1,0.43249999999999195
831,0,0.18638890555555723
832,0,0.29555544721622257
833,0,0.09055557222222388
834,0,0.03745157916584726
835,1,0.4561111111111061
836,0,0.10833335000000166
837,0,0.07500001666666832
838,0,0.08167093848261446
839,0,0.35527765496262703
840,0,0.2203643426295567
841,0,0.12000001666666833
842,0,0.36361110417313447
843,0,0.15805557222222386
844,0,0.19194446111111277
845,0,0.06916668333333499
846,0,0.031944461111112765
847,0,0.1454094977573042
848,0,0.04305557222222387
849,1,0.43916666666665566
850,1,0.6313886664553354
851,0,0.17569446111111278
852,0,0.07420636587301753
853,1,0.5911111111111061
854,0,0.1527777944444461
855,1,0.4855555555555506
856,0,0.03750001666666832
857,1,0.5597222222222171
858,0,0.08563798980464145
859,0,0.13833335000000166
860,0,0.12511811137448506
861,1,0.48111111111110394
862,0,0.10585750458937364
863,1,0.5461111103368997
864,0,0.06750001666666833
865,1,0.456666666666093
866,0,0.13222223888889054
867,1,0.6573825142247317
868,0,0.36499899365073873
869,0,0.08472223888889054
870,0,0.09610014961001352
871,0,0.10834893922956251
872,1,0.5869444444444393
873,0,0.13736742610591032
874,0,0.06000179232271121
875,0,0.11396966068410604
876,0,0.12555557222222388
877,0,0.13614558460955378
878,1,0.4699663708010157
879,0,0.06114980456697642
880,1,0.5533319154527757
881,0,0.10472223888889055
882,0,0.1900173777777794
883,0,0.09974993176083335
884,0,0.05685899102564268
885,0,0.3094444442181306
886,0,0.09805073349332066
887,1,0.4597222222210049
888,1,0.44488527989129417
889,0,0.10333335362236035
890,0,0.13896867831533505
891,1,0.6599999999979174
892,1,0.40749999997228165
893,1,0.5402777777776856
894,1,0.5883333333333282
895,1,0.45222222194322
896,0,0.047222238888890544
897,0,0.05064329152046948
898,0,0.1044466713859204
899,0,0.17222223888889054
900,0,0.13388890555555724
901,0,0.1277777944444461
902,0,0.09063493730158896
903,1,0.5942857142857093
904,1,0.6161111111111031
905,0,0.129166714685142
906,0,0.00022061956153109283
907,0,0.05111112777777943
908,0,0.2225101086288018
909,0,0.04393557633999506
910,0,0.15125606377837844
911,1,0.4452777777776695
912,0,0.01112398016562194
913,0,0.32095768087261606
914,0,0.030441555510142573
915,0,0.23454097751287914
916,1,0.5037301587301537
917,0,0.14653458194744648
918,0,0.058333350000001664
919,0,0.08055557222222388
920,0,0.08944446111111276
921,0,0.12676228492598737
922,0,2.5216433758464265e-06
923,0,0.0688889055555572
924,0,0.35945374372266076
925,0,0.06777787741157591
926,1,0.6533333333333283
927,0,0.11396827063492228
928,1,0.4047619045797868
929,0,0.011111127777779436
930,0,0.05011008046311865
931,0,0.17188210742184018
932,0,0.033533562668253886
933,0,1.666666832456007e-08
934,0,0.10555557222222389
935,0,0.07388890555555722
936,0,0.02500001666666832
937,0,0.176666683333335
938,0,0.10611112777777944
939,0,1.666666832456007e-08
940,0,0.32411555224405625
941,1,0.5833333333333283
942,0,0.017319908362798873
943,0,0.12166705261561735
944,0,0.3969443993727286
945,1,0.6291666666666617
946,1,0.45666666666659733
947,1,0.5527777777777234
948,0,0.391666617239616
949,0,0.18730671906435106
950,0,0.11806553278871075
951,0,0.026388905555557212
952,0,0.2922221735526001
953,0,0.14862864223320105
954,0,0.1293266891379318
955,1,0.5341666666666397
956,1,0.47305555555294204
957,0,0.07922950106561136
958,1,0.5399014336917513
959,0,0.1150793817460334
960,0,0.111666683333335
961,1,0.5111111110591283
962,0,0.3853141647645271
963,1,0.4605555555554388
964,1,0.47361111111086446
965,0,0.04127094112431402
966,0,0.22566345959090003
967,0,0.030564869026880857
968,1,0.6478331086510353
969,0,0.2783879629684092
970,0,0.3122215161658808
971,1,0.44777777234060073
972,0,0.34587613368616715
973,0,0.04603154465659093
974,1,0.5174999999987847
975,0,0.01666675938140878
976,0,0.23522297812402213
977,1,0.4319444444440537
978,0,0.36548487670677793
979,1,0.41916666662684837
980,0,0.0899971603773836
981,1,0.5416269000285108
982,0,0.00859913070781642
983,0,0.3005555435864136
984,0,0.19121966128678788
985,0,0.0909698304660073
986,1,0.448802130012389
987,1,0.4463888406361128
988,0,0.15150725488424546
989,0,0.35388831961006506
990,0,0.18944957438203855
991,1,0.5298041112519875
992,0,0.030558746784857888
993,1,0.5541666666666362
994,1,0.44805555555555054
995,0,0.16852608504687358
996,0,0.08249819486130601
997,1,0.49027777777777276
998,1,0.599999999999995
999,0,0.358055473808772
1000,0,0.30611055624960576
1001,0,0.00885182983985865
1002,0,0.22017914487385415
1003,0,0.09838597593480963
1004,1,0.5216666666665997
1005,1,0.4131056965291549
1006,1,0.6075793650793601
1007,1,0.49666666666666165
1008,0,0.3880555552879183
1009,0,0.016098926413369533
1010,0,0.333180984875804
1011,1,0.6660125448028394
1012,0,0.02205175309553618
1013,0,0.2849984343774234
1014,0,0.38166582140565425
1015,0,0.06426470969802572
1016,0,0.008346789894286945
1017,0,0.3951704093572587
1018,0,0.08417052952551209
1019,1,0.542499999999995
1020,1,0.512499999999995
1021,1,0.5111111111046583
1022,1,0.5111111109965135
1023,0,4.5243956816743603e-07
1024,0,0.09722327655722596
1025,0,0.3191670130567755
1026,1,0.5805555555555505
1027,0,0.3575654988772817
1028,0,0.1972326998253601
1029,0,0.1500026599526447
1030,0,0.020731523959187866
1031,1,0.5074999976147861
1032,0,0.07194446111111276
1033,0,0.08000001666666832
1034,0,0.09416668333333499
1035,1,0.4722221892073146
1036,0,0.3103345607268691
1037,0,0.05519515602644449
1038,0,0.31473327748590224
1039,0,0.10000001666666831
1040,0,0.3955811424958417
1041,0,0.25691083660015895
1042,0,0.301529798503388
1043,1,0.40638888166214215
1044,0,0.014696265297958184
1045,0,0.15188011254688824
1046,0,0.3612979391234805
1047,0,0.3316338835682519
1048,0,2.5409214552430312e-06
1049,0,0.2568092890546443
1050,0,0.1266983381450012
1051,0,0.01609868855549377
1052,1,0.5130555555518025
1053,1,0.41536375003941206
1054,0,0.2193080393692595
1055,1,0.4218199622434063
1056,0,0.016101925250102078
1057,1,0.4363888888536187
1058,1,0.41425401289184277
1059,0,0.020818407553078937
1060,0,0.29168465313447844
1061,0,0.3061350580097754
1062,0,0.22469157905313267
1063,0,0.06666668333333499
1064,0,0.04305813892785509
1065,0,0.15972474386559807
1066,1,0.41611111048839816
1067,1,0.416142384106074
1068,0,0.2815815908480805
1069,0,0.08931127135878879
1070,0,0.014696265297958184
1071,0,0.2465155574000891
1072,0,0.1180555722222239
1073,0,2.5216433758464265e-06
1074,1,0.5277777777714624
1075,1,0.4644444444444394
1076,0,5.4458057464384297e-08
1077,0,0.19432287328712594
1078,1,0.6652777777777729
1079,0,9.332428369872162e-05
1080,0,0.12111112777777944
1081,0,0.19337581796763248
1082,0,0.10833335000000166
1083,0,0.28051515153098255
1084,0,0.10528364353011783
1085,1,0.669999999999995
1086,0,0.12952687869353033
1087,0,0.34362764528199125
1088,1,0.5366666666666616
1089,0,0.014696265297958184
1090,0,0.22523163855972636
1091,0,0.16920636587301754
1092,0,0.11466737825104757
1093,1,0.41944444444334544
1094,0,0.18611112777777947
1095,0,0.07637563919817504
1096,0,0.016692624486638972
1097,0,0.014696265297958184
1098,0,0.08722230106766952
1099,0,0.060833366324913395
1100,0,0.054528120653859
1101,1,0.42370227381061176
1102,0,5.853828273697841e-07
1103,0,0.25555696189258476
1104,1,0.487499999999995
1105,0,0.3399180431658633
1106,0,0.12500001666666832
1107,0,0.014696265297958184
1108,0,0.014696275228061058
1109,1,0.46888888888888386
1110,1,0.6519444444444394
1111,1,0.48817460317459815
1112,0,0.009722275147972638
1113,1,0.40638729639389837
1114,0,0.07025312920431731
1115,1,0.4008333333333283
1116,0,0.01469628829863886
1117,0,0.18208047733853053
1118,0,0.05456012831921977
1119,0,0.3063453837633941
1120,0,0.014696265297958184
1121,0,0.008333350000001658
1122,0,0.144378586940334
1123,0,0.340378516311368
1124,0,0.2377182618772952
1125,0,0.014696265297958184
1126,0,0.3177771917654018
1127,0,0.014696265297958184
1128,1,0.6005555555555505
1129,0,0.3629129776177435
1130,1,0.47111111099544245
1131,0,0.25630713398453225
1132,0,0.34333333215058
1133,1,0.48833333333331735
1134,0,0.16888898845327613
1135,0,0.12255013608435822
1136,1,0.4284664861957714
1137,0,0.34499999997344544
1138,0,0.16922708538740586
1139,0,0.09833335000000167
1140,0,0.37583326036712816
1141,1,0.5369444444444395
1142,1,0.5083333333333283
1143,0,0.1889682706349223
1144,0,0.31334008221808785
1145,1,0.5152777777777727
1146,1,0.5972222222222172
1147,0,0.00023589547089143909
1148,0,0.025694461111112763
1149,0,0.12250511184796309
1150,0,0.10459088951318922
1151,0,0.08981463878889766
1152,0,0.13392858809523975
1153,0,0.19015240483654805
1154,0,0.16422513509647632
1155,0,0.011111127777779436
1156,1,0.5255555555555506
1157,1,0.6199999999999949
1158,1,0.47916666666666163
1159,0,0.0015627716214652032
1160,0,0.2240316899754543
1161,0,0.004223967925688513
1162,0,0.06306277290426758
1163,1,0.6155555555555505
1164,1,0.5306742995580593
1165,0,0.2813319845423794
1166,1,0.592499999999995
1167,0,0.20502417125604033
1168,0,0.03167670576747545
1169,0,0.08194446111111277
1170,0,0.3774999985504673
1171,0,0.10889407825945556
1172,0,8.36447887736394e-05
1173,1,0.47788588468918225
1174,0,0.06807693351639096
1175,1,0.6536111110721081
1176,1,0.4313888362879276
1177,0,0.02993835664599191
1178,0,0.08341271507936675
1179,1,0.4091666666666481
1180,0,0.06250021290975756
1181,0,0.10000270168672365
1182,1,0.42722222222221723
1183,0,0.09444446111111277
1184,0,0.13288414180008565
1185,0,0.14572401519643272
1186,0,0.3369444410412174
1187,1,0.4491666666647364
1188,0,0.08012572492611948
1189,0,0.031737670942058274
1190,0,0.012500095761534026
1191,0,1.4243190951844867e-06
1192,0,0.27383950059032186
1193,0,0.09138890555555719
1194,0,0.09055633473390046
1195,0,0.13563040598655143
1196,0,0.08637128906180806
1197,0,0.16389585036550544
1198,0,0.02797779819326986
1199,0,0.033333350000001656
1200,1,0.6558333333333284
1201,0,0.34666666236851335
1202,1,0.47900793164592675
1203,0,2.527757559255565e-06
1204,1,0.5486507936507755
1205,0,0.14444446111111278
1206,1,0.44249999999718775
1207,0,0.033701444816619824
1208,0,0.025461884897028924
1209,1,0.507777777775082
1210,0,0.12388890555555722
1211,0,0.047788848151306136
1212,0,0.16954644939570063
1213,0,0.2378066905987095
1214,0,0.3769444124749515
1215,0,0.06777811012192364
1216,0,0.01818061797381196
1217,0,0.01612073495676616
1218,1,0.4813888888887652
1219,0,0.011111127777779436
1220,1,0.48444444440545675
1221,0,0.001682011569379436
1222,0,0.10559525790542505
1223,0,0.17944446111111279
1224,0,0.2844429523480032
1225,1,0.5083333333333283
1226,0,0.07583314997804545
1227,0,0.33680304192954
1228,1,0.5277777777777727
1229,0,1.9429188579265884e-07
1230,0,0.13780705722143521
1231,1,0.5305555555555505
1232,0,1.0919022437136997e-06
1233,0,0.1522223780761103
1234,0,0.026388905555557212
1235,0,0.07698360301459409
1236,0,0.06666668333333499
1237,0,0.28722212597618946
1238,0,0.08531747698412863
1239,0,0.05583335000000166
1240,0,0.02916672373167224
1241,0,0.1488889055555572
1242,0,0.04307185477949657
1243,0,0.10277779444444611
1244,0,0.14444446111111275
1245,0,0.33717813836879645
1246,0,0.03891464160703311
1247,0,0.10500991973636692
1248,0,0.08674385450886934
1249,0,0.01950085098078145
1250,0,0.08448767192554722
1251,0,0.0836800023698933
1252,0,0.29940514123461004
1253,0,1.666666832456007e-08
1254,0,0.14111112777777943
1255,0,0.08583335000000165
1256,0,0.05694446111111277
1257,0,0.031944461111112765
1258,0,0.18916668333333497
1259,0,0.07592931400390433
1260,0,0.10386326835659761
1261,0,0.1348157229825492
1262,1,0.6052777777777728
1263,0,0.08036566789564388
1264,0,0.09011554935815964
1265,0,0.16527779444444612
1266,0,0.05694446111111277
1267,0,0.012593211116436782
1268,0,0.026388905555557212
1269,0,0.13096030756761792
1270,0,0.36638887066333076
1271,1,0.4142381286836048
1272,0,0.07916668333333499
1273,0,0.08333335000000165
1274,0,0.16254275170940338
1275,0,0.03750001666666832
1276,0,0.0902777944444461
1277,0,0.022222238888890546
1278,0,0.027801185981416735
1279,0,0.12078803652253907
1280,0,0.19829344465824583
1281,1,0.40888888888435426
1282,0,0.2500819558549396
1283,1,0.5111111111108074
1284,0,0.1350415323671514
1285,0,0.12944446111111277
1286,0,0.26605032071805096
1287,0,0.05538158697012072
1288,0,0.21315720325743112
1289,0,0.3588888888711659
1290,0,0.15532052948718114
1291,0,0.1305555722222239
1292,1,0.5536111111111061
1293,0,0.26878049540727894
1294,0,0.06262605535291689
1295,0,0.24824110816351122
1296,1,0.4933870044958413
1297,0,0.06083335000000165
1298,0,0.08270128493245271
1299,0,0.04388890555555721
1300,0,0.07369259860213695
1301,0,0.08423480245622918
1302,0,6.040015996026946e-06
1303,0,0.0340277944444461
1304,0,0.02500001666666832
1305,0,0.06823478369175794
1306,0,0.04583335000000165
1307,0,0.16222223888889054
1308,0,0.13472223888889054
1309,0,0.3522321977128327
1310,0,0.017711396117672435
1311,0,0.0513889055555572
1312,0,0.04722228385255109
1313,0,0.3258262281598768
1314,0,0.06630220642918667
1315,1,0.44500834779173193
1316,0,0.10000001666666831
1317,1,0.4911111111111061
1318,0,0.1513889055555572
1319,0,0.06805557222222387
1320,0,0.06333335000000166
1321,1,0.4859539537149147
1322,0,0.03055557222222388
1323,0,0.02500001666666832
1324,0,0.20194696608782028
1325,1,0.46527777777775575
1326,1,0.5161111111111062
1327,0,0.10615081031746197
1328,0,0.28206912038625837
1329,0,0.09674910091575258
1330,0,0.322777776934494
1331,0,0.39138888886819273
1332,1,0.4033321680825372
1333,0,0.050092515406765986
1334,0,0.01830803587774406
1335,0,0.07250001666666832
1336,0,0.18361112777777944
1337,0,0.04166668333333499
1338,1,0.5369444444444395
1339,1,0.5174999999999951
1340,0,0.20385839339591275
1341,0,0.17241870296252937
1342,0,0.32105072586862776
1343,1,0.46092479766747446
1344,0,0.1138927133463795
1345,1,0.5817857142854447
1346,0,0.1647463934782625
1347,0,0.07194446111111276
1348,1,0.41444444444443945
1349,0,6.712711616423446e-08
1350,0,0.16166668333333498
1351,0,0.11361118716166559
1352,0,0.08367141192732776
1353,0,0.12388890555555719
1354,0,0.15083335000000161
1355,0,0.14833333333333334
1356,0,0.06083335000000165
1357,0,0.07167006480006773
1358,0,0.11444446111111277
1359,0,0.020079329466537364
1360,0,0.14770623614545936
1361,0,0.38722222210066254
1362,1,0.5788121094195442
1363,0,7.329281761161092e-07
1364,0,0.07666668333333498
1365,0,0.2126393991425235
1366,0,0.2990276956770041
1367,0,0.014166683333334993
1368,0,0.1538889055555572
1369,0,0.09115156771060036
1370,0,0.1327777944444461
1371,0,0.08305557222222387
1372,0,0.16696861570048474
1373,0,0.013888905555557213
1374,0,0.13363528236715141
1375,0,0.011127064932456911
1376,0,0.16335071111111277
1377,0,7.137157013202003e-07
1378,0,0.14139169335801696
1379,0,0.0728492619719024
1380,0,0.1130952547619064
1381,1,0.4205555426763503
1382,0,0.06083335000000165
1383,0,0.045833476149307745
1384,1,0.4355555555554
1385,0,0.04961569429703865
1386,0,1.666666832456007e-08
1387,0,0.35910482095122526
1388,0,0.11833335000000166
1389,0,0.36166666661864993
1390,0,0.3436111109438427
1391,0,0.35042442847954164
1392,0,0.008333350000001658
1393,0,0.02000019533000679
1394,0,1.666666832456007e-08
1395,0,0.15277779444444609
1396,0,0.015290048168375979
1397,0,0.12696861570048476
1398,0,0.2527420381800322
1399,0,0.06666668333333499
1400,0,0.1694444611111128
1401,0,0.026388905555557212
1402,0,0.12055070367849459
1403,0,0.08618316500557793
1404,1,0.4066666666645435
1405,0,0.1592099388910258
1406,0,0.005608902429634091
1407,0,0.0541100759911633
1408,1,0.41222222060791774
1409,0,0.0696651018875615
1410,0,0.018257731052153194
1411,0,0.0995217413006265
1412,0,0.08194446111111277
1413,0,0.07324216444605554
1414,0,0.1097233993214971
1415,1,0.41361108076009634
1416,0,0.055555572222223876
1417,0,0.08179120227123722
1418,0,0.008333681886259069
1419,0,0.0201714683687514
1420,0,0.34591802055162185
1421,0,0.03253605566277096
1422,0,0.015277794444446104
1423,0,0.0277777944444461
1424,0,0.011155072209944565
1425,1,0.5063888888888839
1426,0,0.027723841307638164
1427,0,0.09834076763143605
1428,0,0.019453968791139326
1429,0,1.666666832456007e-08
1430,1,0.4777777777775685
1431,0,0.025345285528469843
1432,0,0.03055557222222388
1433,1,0.4958333333333283
1434,0,0.3566664580996255
1435,1,0.5137301587301537
1436,0,0.020177659848797155
1437,0,0.005556182053701099
1438,1,0.5777777777777727
1439,0,0.047222238888890544
1440,0,0.14820929924327572
1441,0,0.0688889055555572
1442,0,0.014696271848508705
1443,0,0.0840060103071681
1444,0,0.1458935549200414
1445,0,0.034756045331743576
1446,0,0.34374602936931953
1447,0,0.007894863980327436
1448,0,0.14861112777777943
1449,1,0.6149999865242567
1450,0,0.051100194311196
1451,1,0.43111111111110606
1452,1,0.43944444443569336
1453,0,0.03472223888889054
1454,0,0.3598714532731588
1455,0,0.22068228235214873
1456,0,0.2857608050153206
1457,0,0.10349429792846383
1458,0,0.288838234367633
1459,0,0.22647077924304312
1460,1,0.4791666580246458
1461,1,0.4630555399585603
1462,1,0.5188882724853504
1463,0,0.3538886002198411
1464,1,0.42689146713701387
1465,0,0.11464405359386586
1466,1,0.42444444281922794
1467,0,0.2864072055392868
1468,0,0.28027636350552126
1469,0,0.27198980920011545
1470,0,0.20725627623349854
1471,1,0.5311111111111061
1472,0,0.266586293377317
1473,0,0.017222238888890545
1474,1,0.5003968253968172
1475,1,0.45635304805951077
1476,0,0.22977903554085669
1477,0,0.3486445893671654
1478,0,0.24646088964714274
1479,0,0.2700358316784395
1480,0,0.14806827312246945
1481,0,0.31134219952914255
1482,0,0.020746390446858543
1483,1,0.4847222222222049
1484,0,0.3170635287749601
1485,0,0.27814336376013854
1486,0,0.2957492867498566
1487,0,0.3262386534935367
1488,0,0.31926839642299654
1489,1,0.4267166879460875
1490,0,0.25393763018260024
1491,1,0.4402777777773513
1492,0,0.3013769026941378
1493,0,0.3001375586471807
1494,1,0.4861111111111061
1495,0,0.26947577004182327
1496,1,0.42888888888886
1497,0,0.2867263965097087
1498,1,0.4160787330066073
1499,0,0.08669438840621153
1500,0,0.18953605817718325
1501,1,0.41861111109261784
1502,0,0.34842084928264927
1503,0,0.0033333500000016576
1504,1,0.44444444444078995
1505,0,0.2001333943858754
1506,0,0.21232515940344543
1507,0,0.03888955818108753
1508,0,0.05005314899143224
1509,0,0.1939637380527819
1510,0,0.015852992959120998
1511,0,0.35418013631698303
1512,0,0.09426805283133616
1513,1,0.41812318331004406
1514,0,0.13252736840522342
1515,1,0.620833333333326
1516,1,0.7755555555555373
1517,1,0.8444439376897844
1518,1,0.422187187189206
1519,0,0.10782126430789807
1520,1,0.6669444444443543
1521,1,0.5727777777777727
1522,0,0.30141384130429033
1523,0,0.25869855527163643
1524,1,0.47999999991700054
1525,1,0.4172218748468195
1526,0,0.05632141285943024
1527,1,0.5772222095382634
1528,0,0.08487514928141504
1529,0,0.04029297725688189
1530,0,0.053173581357155435
1531,0,0.01395140336540847
1532,0,0.08751211898832406
1533,0,0.07624556750148763
1534,1,0.7286264134567948
1535,0,0.15172430668990505
1536,1,0.5166666666614457
1537,0,0.3818936571294267
1538,1,0.47111111111110615
1539,1,0.46944444444443745
1540,1,0.521665844244864
1541,1,0.4799999999997066
1542,0,0.06885120122600244
1543,1,0.6158332882172348
1544,1,0.4972222189237477
1545,1,0.46388883494175764
1546,1,0.4324999858740481
1547,0,0.34510478567386854
1548,0,0.09002354734664614
1549,1,0.5850845628884613
1550,0,0.2738525676232085
1551,0,0.003472502172759228
1552,0,0.08494939159514803
1553,0,0.08605121446419246
1554,0,0.12598871151364988
1555,0,0.03349054149295142
1556,1,0.4632594533738823
1557,1,0.5152777776826114
1558,0,0.03444446111111276
1559,0,0.06893338695603121
1560,0,0.10412924175903743
1561,0,0.160354002973263
1562,1,0.6799999999998042
1563,1,0.5341666666659975
1564,1,0.5683333333151516
1565,0,0.3486234672706885
1566,1,0.6477776995455699
1567,1,0.5516666646786149
1568,1,0.5888888888888838
1569,0,0.09047401543986376
1570,1,0.579864371751554
1571,1,0.5074971886195879
1572,1,0.5111111111046042
1573,1,0.5147222222222171
1574,1,0.5013888888888838
1575,0,3.649392506840222e-05
1576,1,0.5166666664443148
1577,0,0.08407744038346476
1578,0,0.24544336657546317
1579,1,0.6318083928744228
1580,0,0.02483100662510056
1581,0,0.15775761634447075
1582,0,0.04583061900765856
1583,1,0.40444440646663343
1584,0,0.3669179746416206
1585,0,0.13540730668649303
1586,0,0.024866517047395786
1587,0,0.23826773396375445
1588,0,0.012499503405950255
1589,0,0.014628515063905863
1590,1,0.422775763006062
1591,0,0.3864098017522868
1592,0,0.06738127059937955
1593,1,0.5807424271923297
1594,1,0.5411111111028747
1595,0,0.2977767536819354
1596,0,0.022679018718875853
1597,0,0.28104539159965475
1598,0,0.039178531229299506
1599,0,0.007435829220018719
1600,0,0.3869443129235894
1601,0,0.07306104090407463
1602,0,0.23963219406268124
1603,0,0.2747619727808898
1604,1,0.6116666666666616
1605,0,0.2645747040044002
1606,0,0.07773372455413112
1607,0,0.12296647452195346
1608,0,0.05741704387392014
1609,0,0.01995723061742184
1610,0,0.29292343421064326
1611,1,0.4161110716142054
1612,0,0.15999302749744163
1613,1,0.5745634911887957
1614,0,0.21977404277535248
1615,1,0.6055555555555356
1616,0,0.003519543859604143
1617,1,0.6619444400770232
1618,1,0.5847222222222171
1619,1,0.44749992404968225
1620,0,0.3658691726566136
1621,0,0.32333332960250044
1622,1,0.6602777777129173
1623,1,0.4248462741369114
1624,1,0.6080555207010788
1625,0,0.17112583220774136
1626,1,0.6547222222221815
1627,1,0.47222221551186033
1628,0,0.37888832117661186
1629,1,0.5963888888888839
1630,1,0.7511111083859306
1631,0,0.39276406498001215
1632,1,0.6052756497160234
1633,1,0.5936111110678337
1634,0,0.08518197507504421
1635,1,0.4758330588258952
1636,0,0.36499999950375495
1637,0,0.09065518661081218
1638,0,0.2998037786270882
1639,0,0.18410102173594822
1640,1,0.5597191251304882
1641,1,0.4524600627813033
1642,0,0.08406382039135125
1643,1,0.4663627118879326
1644,0,0.2572129246430575
1645,0,0.15353795954533023
1646,1,0.4237211867297388
1647,1,0.4160342207778242
1648,0,0.057290488460547594
1649,0,0.08147492109978938
1650,0,0.3990232198688779
1651,1,0.6419444444439578
1652,1,0.5510061673946067
1653,1,0.46944513195452303
1654,0,0.21563449736057286
1655,0,0.24293921505643853
1656,1,0.528055093218681
1657,1,0.6102777777777727
1658,1,0.5780555555555504
1659,1,0.5769444444444395
1660,1,0.6572203280568982
1661,0,0.2552921159425246
1662,1,0.4611111106104468
1663,0,0.2147683588193711
1664,0,0.027372103118497516
1665,1,0.5222222221362267
1666,1,0.5186111110124588
1667,1,0.5978174603173998
1668,1,0.529841357424785
1669,1,0.654563492063487
1670,0,0.38726320063305636
1671,1,0.6252777777776857
1672,1,0.5616666666493569
1673,1,0.4111410246245075
1674,0,0.2318631339095203
1675,1,0.6365250489163757
1676,0,0.27005961033665415
1677,1,0.5155071574086517
1678,0,0.06704493772940705
1679,0,0.09218478467900328
1680,1,0.6636110166539431
1681,1,0.41239749474889437
1682,0,0.2725670926755936
1683,0,0.18175485905543867
1684,1,0.4297222064906603
1685,1,0.5874999999999185
1686,1,0.4591666611877274
1687,1,0.4983333333322337
1688,0,0.36679898246282977
1689,1,0.5433331370607065
1690,1,0.4214809002106638
1691,0,0.32671888647126884
1692,1,0.559166421751175
1693,0,0.3914485497052762
1694,1,0.5719438608630955
1695,0,0.08060559193923185
1696,1,0.41611091917152065
1697,1,0.5544413909073652
1698,1,0.647222217913085
1699,1,0.4277777215592337
1700,0,0.32056585075294763
1701,1,0.6105546256567659
1702,1,0.5862679563980987
1703,1,0.5835750251752018
1704,1,0.7678831922976151
1705,1,0.5000231512094825
1706,0,0.27092304899156755
1707,1,0.6208333333332059
1708,1,0.4061111109844959
1709,1,0.5244444444444325
1710,1,0.4845253083037762
1711,1,0.43277757784033727
1712,1,0.5033307296100951
1713,1,0.6437301553595635
1714,0,0.19197156808188398
1715,0,0.28302483891102675
1716,1,0.48993600872835147
1717,0,0.12743769948019698
1718,1,0.6519444392429036
1719,1,0.5103174599610573
1720,1,0.4555555553056836
1721,1,0.510317460173319
1722,0,0.29906682693107106
1723,0,0.3725861551232106
1724,1,0.5988883028788591
1725,0,0.09240855942550424
1726,0,0.1797077577715744
1727,1,0.4052777777777778
1728,0,0.2881323502582738
1729,0,0.3502464640571015
1730,0,0.021749169667115046
1731,0,0.12087849272370345
1732,0,0.2649472913763789
1733,1,0.5027777777777728
1734,1,0.5066666666666616
1735,1,0.4444510565183932
1736,0,0.016865650258411306
1737,0,0.3916043594144303
1738,0,0.01733502548552219
1739,0,0.3614021751044221
1740,0,0.30301799700849247
1741,0,0.3949973409609618
1742,0,0.06395032558569765
1743,0,0.09304870781206596
1744,1,0.47010643011638537
1745,0,0.017031221977849804
1746,1,0.4824989063357654
1747,0,0.39496482764264057
1748,0,0.36533057260796115
1749,1,0.4329504373106241
1750,0,0.07500087409762912
1751,0,0.167896399901207
1752,0,0.22072320579418944
1753,0,0.12816174334217384
1754,0,0.17918232822846344
1755,0,0.09501887457118853
1756,0,0.21829577992414192
1757,0,0.18525604232810913
1758,0,0.3638944740763703
1759,0,0.34021165568696343
1760,0,0.08617280198059972
1761,0,0.1526888076294835
1762,0,0.10990351930297798
1763,0,0.0767066480030854
1764,0,0.33390382829241755
1765,1,0.5169963731099305
1766,1,0.6926202745407336
1767,0,0.30054198326925424
1768,1,0.44440802768764337
1769,0,0.34072037953441153
1770,0,0.30169535234079375
1771,1,0.5652774604223164
1772,0,0.05281104389207337
1773,1,0.45183130041515945
1774,1,0.5327777677946569
1775,1,0.44222208720282535
1776,1,0.533333327803254
1777,0,0.38111058254710795
1778,1,0.6758333329868519
1779,0,0.08435824784637007
1780,0,0.381868244160406
1781,0,0.05356547740201797
1782,1,0.5008325748609338
1783,1,0.48888888683542336
1784,0,0.30506103555475
1785,0,0.07065926075928781
1786,0,0.04133108110007543
1787,0,0.11577662269048222
1788,0,0.019964678577840764
1789,1,0.5341666623407862
1790,0,0.3283333181463614
1791,0,0.0287934545740622
1792,1,0.5722222222222172
1793,1,0.6427777777777727
1794,0,0.350555555077351
1795,0,0.3802297426693773
1796,1,0.4522222141285818
1797,0,0.3836156331477083
1798,1,0.4919444387489514
1799,0,0.3911111087342132
1800,1,0.5305555555555505
1801,1,0.47995146916267806
1802,1,0.4708333333088193
1803,1,0.457058559069192
1804,0,0.02786533353840343
1805,0,0.2899382193769641
1806,0,0.26836635636366984
1807,1,0.5788000773621546
1808,0,0.03580857508603103
1809,0,0.3769444443174845
1810,0,0.2904766544375103
1811,0,0.3820187296547677
1812,0,0.37993945023713854
1813,1,0.6040079365078297
1814,1,0.5495634920634817
1815,1,0.5027777777777727
1816,0,0.3858316087184271
1817,1,0.5991666641554168
1818,0,0.013535267745630153
1819,0,0.03829361935134388
1820,1,0.5544444444425968
1821,1,0.6080549510942581
1822,0,0.08509653232063158
1823,0,0.18157729433411018
1824,1,0.568965177284436
1825,0,0.35831011838333926
1826,0,0.1878154779108688
1827,1,0.49502179329160273
1828,1,0.5396864460436516
1829,1,0.5305554406955084
1830,0,0.3713886223843937
1831,0,0.27542906334699824
1832,1,0.5352777777777112
1833,1,0.5696397103414698
1834,1,0.506976691037083
1835,1,0.5138887281985437
1836,0,0.3666229562102163
1837,0,0.02889823836138594
1838,0,0.3977765915501788
1839,1,0.5242062050103514
1840,1,0.5419445469916336
1841,1,0.5319444444417698
1842,1,0.4994444444386726
1843,1,0.5780555554157599
1844,1,0.6008329506648151
1845,0,0.29351168607997863
1846,1,0.5411110440690562
1847,1,0.556944172620845
1848,1,0.5119444444442629
1849,1,0.48749999852526665
1850,1,0.5911110972429007
1851,1,0.5341269841269546
1852,1,0.6616666666080095
1853,0,0.38034895259533547
1854,1,0.6133333333333231
1855,1,0.5166666666576983
1856,1,0.5166666666530102
1857,1,0.4088888878960934
1858,1,0.6080555555555505
1859,1,0.5752777777744917
1860,0,0.19092234911614914
1861,1,0.508656266195474
1862,1,0.6116342235069405
1863,0,0.3615296388302902
1864,1,0.5627777627997723
1865,0,0.2785047846634954
1866,1,0.5290050349474269
1867,0,0.03398032733346119
1868,0,0.11921285514705704
1869,1,0.6341666666552429
1870,0,0.32670333199012636
1871,1,0.6244444444356364
1872,1,0.6108333333333037
1873,0,0.30055555485036434
1874,0,0.13778075176581014
1875,0,0.19602542260618608
1876,1,0.5419444444190508
1877,0,0.36722221717073394
1878,1,0.5580740565275663
1879,0,0.3038240354080148
1880,1,0.5027777777777727
1881,1,0.6062921315167767
1882,1,0.4277776645185773
1883,0,0.3538886846763461
1884,1,0.5463888888888581
1885,0,0.1198358519626586
1886,0,0.04142962587861387
1887,1,0.5886111111104406
1888,0,0.3403563407121719
1889,0,0.3465533570370323
1890,1,0.40354017886927274
1891,1,0.503372097885113
1892,1,0.46825391119968546
1893,0,0.24348450814655812
1894,0,0.05491056756486921
1895,1,0.6487979467576117
1896,1,0.688778667366285
1897,1,0.507777776855213
1898,1,0.4916659651132189
1899,1,0.4211507936507091
1900,1,0.4119443041023623
1901,0,0.11187981917374573
1902,1,0.5486111111111032
1903,1,0.6069444444444394
1904,1,0.5432539677341369
1905,1,0.6030555555354092
1906,1,0.504760691007795
1907,1,0.6055554534408885
1908,1,0.5272210742204856
1909,0,0.16061990482781308
1910,0,0.32310723420519866
1911,0,0.321476242160955
1912,0,0.29188198504329826
1913,1,0.5544419489840829
1914,0,0.3542194224610586
1915,0,0.271053764485875
1916,0,0.22416453016813698
1917,1,0.6147109220221868
1918,1,0.4369424493943526
1919,0,0.06463895630088266
1920,0,0.0840114459044742
1921,0,0.3792637691845299
1922,0,0.03409314592162344
1923,1,0.5973409741472997
1924,1,0.4143617358297204
1925,0,0.11698740263892264
1926,0,0.3506526270709209
1927,0,0.2704575669616111
1928,0,0.06248523142588692
1929,0,0.3855532473362029
1930,1,0.5805555555494052
1931,1,0.43833333333314606
1932,1,0.47777777774137625
1933,0,0.23841647322058165
1934,0,0.3419215934492357
1935,0,0.36036602261920886
1936,1,0.4686111111069758
1937,1,0.7530555555547157
1938,0,0.03819539970519243
1939,1,0.6827738762817145
1940,1,0.5541664767547766
1941,0,0.0921408818328901
1942,0,0.10073225852277913
1943,1,0.5193347147709876
1944,0,0.20972660858334147
1945,0,0.3893035473925528
1946,1,0.40432938976079896
1947,1,0.4508278708225058
1948,0,0.31110652952406076
1949,0,0.06594591137257637
1950,0,0.10886562823002555
1951,0,0.054312756292217934
1952,0,0.3588888888526882
1953,0,0.290945523370691
1954,1,0.44097721329529604
1955,1,0.6210707506358562
1956,0,0.014155924815499855
1957,0,0.17154169178562576
1958,0,0.07558777554956563
1959,1,0.40158729281621947
1960,1,0.4668570726445865
1961,0,0.3521904694933771
1962,0,0.30511134049496
1963,1,0.5308285221626191
1964,1,0.6641662117411099
1965,0,0.3438888225760182
1966,1,0.6872222222222173
1967,0,0.04949248017602816
1968,1,0.40333332596550003
1969,0,0.3705923827787217
1970,0,0.13600785785330577
1971,0,0.37644638129681535
1972,0,0.3031424411957162
1973,1,0.5786111102270625
1974,0,0.2801703956827895
1975,1,0.5005555555555479
1976,1,0.45777777777777273
1977,1,0.5494444444444367
1978,1,0.46888888888888386
1979,1,0.6816666664809298
1980,1,0.5177777777455862
1981,0,0.33716668586358417
1982,0,0.32694444386669996
1983,0,0.3613888886622673
1984,1,0.4783109456038456
1985,0,0.22246015283512588
1986,1,0.4888888888292688
1987,0,0.12618782409019516
1988,1,0.40055371594460376
1989,1,0.5124024930129659
1990,1,0.47416659996714383
1991,1,0.6374999999995449
1992,0,0.3870102598501089
1993,1,0.5249999999999947
1994,1,0.6297222222222115
1995,0,0.009017256042861679
1996,1,0.6080555555555506
1997,1,0.4945804488194372
1998,1,0.5194444208798893
1999,0,0.23444606443005037
2000,1,0.6480555555555505
2001,1,0.6352777715791121
2002,0,0.23364198281111417
2003,1,0.4524999940797596
2004,1,0.5896189946443698
2005,0,0.29420163647944175
2006,1,0.4143645567637931
2007,0,0.005225370551773038
2008,1,0.43805555387162715
2009,0,0.07163559445725189
2010,0,0.013346395961941487
2011,1,0.5929135144698002
2012,1,0.5180555539957087
2013,0,0.06694663159433308
2014,0,0.3838888887213579
2015,0,0.04972223888889054
2016,0,0.15276779269995597
2017,0,0.035446170434324686
2018,0,0.06111363275448697
2019,0,0.11684785645774547
2020,0,0.21252076537140152
2021,0,0.3009424911679744
2022,0,0.03282618539007306
2023,0,0.04627175095558811
2024,0,0.033010513875018695
2025,0,0.08140320831283548
2026,1,0.8716666666666616
2027,1,0.9501533189033138
2028,1,0.7132666491396771
2029,1,0.7924999999999738
2030,1,0.7763888869129226
2031,0,0.033333350000001656
2032,0,0.20170441257843563
2033,1,0.5702820565961537
2034,0,0.18374985050368411
2035,0,0.2312914931351644
2036,0,0.0783730325396842
2037,0,0.07970944208707907
2038,0,0.10960005006953598
2039,1,0.8199074071125354
2040,1,0.8908867986398715
2041,1,0.8532407407407357
2042,1,0.8624718802249531
2043,1,0.5987133121511851
2044,1,0.5050058875038393
2045,1,0.7997631568972982
2046,1,0.8516666666666617
2047,1,0.8727777777777729
2048,1,0.8516666666666617
2049,1,0.7902777777777729
2050,1,0.8652777777777727
2051,1,0.8003968253851595
2052,1,0.851111111111106
2053,1,0.7569444444444396
2054,1,0.7013888888855121
2055,1,0.8608333333333101
2056,1,0.7997631568972982
2057,1,0.7586111110843241
2058,1,0.7013888888744385
2059,1,0.7847222222222169
2060,1,0.5701982947261753
2061,1,0.7997631568972982
2062,1,0.8583333333333285
2063,0,0.033333350000001656
2064,0,0.12586046096068113
2065,0,0.13794849805780965
2066,0,0.10259232684447532
2067,0,0.03365071255430504
2068,0,0.06741728399421716
2069,0,0.24926713524922206
2070,0,0.22283082693849357
2071,0,0.14286488738206632
2072,0,0.024096398670131802
2073,0,0.07503660321322546
2074,0,0.0375936556816147
2075,0,0.04573502446731806
2076,0,0.1960582873191017
2077,0,0.19116327554427728
2078,0,0.12306865703603292
2079,0,0.08356615775313099
2080,0,0.055337231319756104
2081,0,0.17453612105743535
2082,0,0.11788778301708823
2083,0,0.22725939688479377
2084,1,0.5154516122108229
2085,0,0.17844573823978474
2086,1,0.801388888876374
2087,1,0.6244444444356364
2088,1,0.7999999999981825
2089,1,0.6218443365081489
2090,1,0.8458333333327478
2091,1,0.7972222222196655
2092,1,0.7920634919282632
2093,1,0.8333333333328157
2094,1,0.5657944173882844
2095,1,0.6466666666629842
2096,1,0.6218338496517548
2097,1,0.5929753523865035
2098,0,0.04644517848241372
2099,0,0.12743164494510853
2100,0,0.2448020352526287
2101,0,0.054687289958614584
2102,0,0.16769167990147235
2103,0,0.07639438252951665
2104,0,0.2321475314382964
2105,1,0.8180555555555507
2106,1,0.8638888888888839
2107,1,0.8763888888888839
2108,0,0.1818247458972967
2109,1,0.5263888888888307
2110,1,0.856111111111106
2111,0,0.33970455992144943
2112,1,0.8255555555555505
2113,0,0.28894152597325956
2114,1,0.8166666666666611
2115,1,0.5630448716802255
2116,1,0.8555555555555504
2117,1,0.4397340496441953
2118,1,0.8555555555555504
2119,0,0.36518883076153336
2120,1,0.8402777777777716
2121,0,0.3792367170853761
2122,1,0.8652777777777727
2123,1,0.6052777777777726
2124,1,0.8374999999999836
2125,1,0.8430555555555506
2126,1,0.5788888888888839
2127,1,0.6177777777777728
2128,1,0.5955555555555506
2129,1,0.8097222222222172
2130,1,0.8249999999999948
2131,1,0.824999999999995
2132,1,0.8069444444444395
2133,1,0.7654578127029561
2134,0,0.03923978056451147
2135,1,0.8142857142857093
2136,1,0.6488888888888837
2137,1,0.6048412698412647
2138,1,0.7495634920634872
2139,0,0.14913563723159803
2140,0,0.3205658381220701
2141,0,0.3677415189446685
2142,0,0.16928778926849677
2143,0,0.17009784003415987
2144,0,0.20478434460683614
2145,0,0.07686086343453251
2146,1,0.5277777777173994
2147,1,0.7577777777776582
2148,1,0.5530555555255582
2149,1,0.4749999999916934
2150,1,0.7749999999987641
2151,1,0.5780555554157599
2152,1,0.6241666666641283
2153,1,0.4245564783159426
2154,1,0.7569444444443186
2155,1,0.7777777777773273
2156,1,0.5277777777776714
2157,1,0.4874999999999352
2158,1,0.5991666666666543
2159,1,0.5669444444443269
2160,1,0.7777777777776564
2161,1,0.791111111111106
2162,1,0.773611111111106
2163,1,0.44074136279000475
2164,1,0.7777777777776406
2165,1,0.527777777777675
2166,1,0.504166666666486
2167,1,0.5669444444443082
2168,1,0.5991666666666496
2169,1,0.791111111111106
2170,1,0.773611111111106
2171,1,0.48749999999991367
2172,1,0.8086111111111061
2173,1,0.7361111111111059
2174,1,0.7156746031745614
2175,1,0.6527777777777689
2176,1,0.7452777777777673
2177,1,0.7224450198911838
2178,1,0.8017857142839615
2179,1,0.6040079365078297
2180,1,0.5206746031744786
2181,1,0.7876569876908395
2182,1,0.7736111111108878
2183,1,0.6058398371583945
2184,1,0.5190079365079184
2185,1,0.5495634920634817
2186,1,0.7441666666666141
2187,1,0.5310284980387942
2188,0,0.3336642845710813
2189,1,0.4517034531858666
2190,1,0.5477488781430817
2191,1,0.4485754546563121
2192,1,0.6005773877339887
2193,0,0.23593856379654035
2194,1,0.581552974891243
2195,1,0.5483009809593885
2196,0,0.3711316180400133
2197,0,0.1513281765201568
2198,1,0.45023295831707877
2199,1,0.4277776539506357
2200,0,0.3288882446858228
2201,1,0.4688888888871546
2202,1,0.5999999999992149
2203,0,0.30055555485036434
2204,0,0.33118693661272264
2205,1,0.8144444444443825
2206,0,0.16594878012041947
2207,1,0.7692076013412681
2208,0,0.16594818223611807
2209,1,0.8144444444444393
2210,0,0.16594867290361362
2211,1,0.6824444932675261
2212,0,0.3983301401255033
2213,0,0.35717019815097056
2214,1,0.7461519491985005
2215,1,0.5916651117410607
2216,0,0.06164428968111105
2217,0,0.09400423437668208
2218,1,0.5813888879355322
2219,1,0.403333325965924
2220,1,0.4988885859782995
2221,1,0.7246563192878116
2222,1,0.7413229859560752
2223,1,0.4033333245490714
2224,0,0.09400434778611348
2225,1,0.8318565995038365
2226,1,0.5897222222222173
2227,1,0.8566666666666616
2228,1,0.8566666666666616
2229,1,0.8318735647695421
2230,1,0.754999999999995
2231,1,0.8305555555555507
2232,1,0.6344444444444394
2233,1,0.7744444444444395
2234,1,0.8144442695963025
2235,1,0.8088887414093042
2236,0,0.250947440225666
2237,1,0.556944172620845
2238,1,0.863888886215519
2239,1,0.8144442578471068
2240,1,0.8038798067457393
2241,1,0.8611111034918556
2242,1,0.8511111027464233
2243,0,0.08471977976528745
2244,1,0.5991666641554168
2245,1,0.7888888856536624
2246,1,0.8666345958138292
2247,1,0.824999987741898
2248,1,0.7074999958968805
2249,1,0.8038836990659903
2250,1,0.8391936496003493
2251,1,0.7338888666989658
2252,1,0.6256724609615204
2253,1,0.6519444392429036
2254,1,0.6065534788844361
2255,1,0.846336656273119
2256,0,0.2103964691387047
2257,1,0.5863888887845262
2258,1,0.7847222222222173
2259,1,0.8777777777777728
2260,1,0.5566666665889627
2261,1,0.5419444444141667
2262,1,0.7913607691138421
2263,1,0.7680555555555505
2264,1,0.6852777777757991
2265,1,0.5416666022425848
2266,1,0.7847222222222173
2267,1,0.7869444444444205
2268,1,0.5947222211585105
2269,1,0.7033333333333213
2270,1,0.5391666663897278
2271,1,0.6616666666656296
2272,1,0.7772222222220805
2273,1,0.7799999999998731
2274,1,0.8097222222222172
2275,1,0.8361111111111059
2276,1,0.7324999560825577
2277,1,0.7977777777777729
2278,1,0.8186111111111062
2279,1,0.8036111110496008
2280,1,0.7008333333332794
2281,1,0.7087301587281952
2282,1,0.7502777777777663
2283,1,0.6327777777776498
2284,1,0.7277777777503746
2285,1,0.6799999999998042
2286,1,0.8666666666666617
2287,1,0.8666666666666617
2288,1,0.8427777777777727
2289,1,0.8611111111111063
2290,0,0.36240203733602466
2291,1,0.7938888888888838
2292,1,0.8608333333333283
2293,1,0.7271126933916255
2294,1,0.8484903987434715
2295,1,0.6574074074074024
2296,1,0.7144444444444344
2297,1,0.4844444444444395
2298,1,0.4211507936507091
2299,1,0.7630555555555505
2300,1,0.7449999999999949
2301,1,0.854045954298941
2302,1,0.7616666666666617
2303,1,0.8427777777777727
2304,1,0.7994444444444394
2305,1,0.8405555555555505
2306,1,0.779999999999995
2307,1,0.9091884399388172
2308,1,0.9091919286938398
2309,1,0.851111111111106
2310,1,0.7930555555555504
2311,1,0.8676679586563257
2312,1,0.8236111111111062
2313,1,0.7851190476190427
2314,1,0.8420634920634867
2315,1,0.8973755411255308
2316,1,0.8444444444444369
2317,1,0.8333333333333285
2318,1,0.856111111111106
2319,1,0.5796825122493545
2320,1,0.8180555555555507
2321,1,0.8236111111111062
2322,1,0.856111111111106
2323,1,0.856111111111106
2324,1,0.8180555555555507
2325,1,0.827777777777773
2326,1,0.8236111111111062
2327,0,0.2876268212970778
2328,1,0.7861111111111061
2329,1,0.8422222222222006
2330,1,0.8533333333333156
2331,0,0.2793068723633637
2332,1,0.785714285714275
2333,1,0.7597222222222171
2334,1,0.8152777777777728
2335,1,0.8416666666666618
2336,1,0.8652777777777727
2337,1,0.8708333333333282
2338,1,0.7986111111111062
2339,1,0.6172222222222165
2340,1,0.4916666661926996
2341,1,0.6680555555555365
2342,1,0.5463888888888581
2343,1,0.6527777777777706
2344,0,0.2853093390514445
2345,1,0.8518346253229918
2346,0,0.28531174830024625
2347,1,0.8518346253229906
2348,1,0.5000033660529287
2349,1,0.8194444444444349
2350,1,0.7736111111109981
2351,1,0.8652777777777727
2352,1,0.8069444444444396
2353,1,0.8180555555555505
2354,1,0.8652777777777723
2355,1,0.7959716794880678
2356,1,0.8691666666666618
2357,1,0.8136111111111063
2358,1,0.8361111111111059
2359,1,0.8160829913360642
2360,1,0.8058333333333283
2361,1,0.8763888888888762
2362,1,0.8694444444444395
2363,1,0.8180555555555505
2364,1,0.8333333333333283
2365,1,0.8672222222222171
2366,1,0.5230555555546809
2367,1,0.5313888888887623
2368,1,0.800833333333303
2369,1,0.5119444444442629
2370,1,0.8608333333333283
2371,1,0.8608333333333283
2372,1,0.7674999999999951
2373,1,0.845249658002731
2374,1,0.763888888888884
2375,1,0.8172222222222172
2376,1,0.8069444444444381
2377,1,0.8138888888888808
2378,1,0.7861111111111061
2379,1,0.9122657220040891
2380,1,0.8041666666666617
2381,1,0.8055555555555505
2382,1,0.6310958484984429
2383,1,0.7233974358216777
2384,1,0.6570085469215811
2385,1,0.5733333333331608
2386,1,0.8222222222221375
2387,1,0.8422222222221953
2388,1,0.661388888749171
2389,1,0.59694444444414
2390,1,0.7611111111105463
2391,1,0.7777777777774771
2392,1,0.5969444444439512
2393,1,0.8083333333329019
2394,1,0.5483333333122989
2395,1,0.7569444443970549
2396,1,0.5483333333232374
2397,1,0.8227777777772752
2398,1,0.8277777777754268
2399,1,0.8194444444153657
2400,1,0.7736111110854678
2401,1,0.5302777777722479
2402,1,0.6794444080327317
2403,1,0.566111111111106
2404,1,0.7683333333330981
2405,1,0.7994444444444394
2406,1,0.8027777777777727
2407,1,0.851388888888884
2408,1,0.6852777777755114
2409,1,0.7933331402040901
2410,1,0.8897366478017577
2411,0,0.13745392117849795
2412,1,0.7947222017136945
2413,1,0.8183332914589957
2414,1,0.8883333049224394
2415,1,0.4574072182652999
2416,1,0.6641662117411099
2417,1,0.4574072109558252
2418,1,0.9064033119306772
2419,1,0.8402777777777728
2420,1,0.8511111111111026
2421,1,0.8594444444444393
2422,1,0.8649852893216557
2423,1,0.5419444444190508
2424,1,0.416969446007285
2425,1,0.5486111111099611
2426,1,0.8716666666666616
2427,1,0.7086111006650145
2428,0,0.27034267050834043
2429,1,0.5758305988751526
2430,1,0.548797866378896
2431,1,0.838888743313403
2432,0,0.1367904174379717
2433,1,0.7716268572157176
2434,1,0.8561104989800833
2435,1,0.8341264732283209
2436,0,0.27034267451830146
2437,1,0.8194444367027548
2438,1,0.4277777425633645
2439,1,0.6780555555554028
2440,1,0.8133052135580773
2441,1,0.7115619489061734
2442,1,0.8466385468914176
2443,1,0.8355555555540249
2444,1,0.7658333333328612
2445,1,0.8372222222222168
2446,1,0.641666666666581
2447,1,0.6297222222222115
2448,1,0.6666666666666065
2449,1,0.6438888888822099
2450,1,0.8344444444442689
2451,1,0.6770833333333074
2452,1,0.8569444444444395
2453,1,0.6269444444444394
2454,1,0.8322222222222173
2455,1,0.8680555555555505
2456,1,0.6347222222222172
2457,1,0.851111111111106
2458,1,0.8594444444444393
2459,1,0.6519444444444394
2460,1,0.8449999999999694
2461,1,0.8302777777777729
2462,1,0.710138888888861
2463,1,0.5794444444444394
2464,1,0.8633333333333283
2465,1,0.854999999999995
2466,1,0.6044444444444393
2467,1,0.8719444444444394
2468,1,0.8488888888888528
2469,1,0.5844444444444393
2470,1,0.8211111111111062
2471,1,0.8516666666666617
2472,1,0.8691666666666616
2473,1,0.8361111111111059
2474,1,0.6199999999464879
2475,1,0.6391666615748545
2476,1,0.49736387348793265
2477,1,0.8294444444444394
2478,1,0.6248959915475533
2479,1,0.5886111111104406
2480,1,0.7083333333323857
2481,1,0.7680555555540768
2482,1,0.7791666666666616
2483,1,0.44073944108629126
2484,1,0.7952777777777728
2485,1,0.7777777777777728
2486,1,0.8738888888888838
2487,1,0.822499999999995
2488,1,0.93649750464184
2489,1,0.42833333333332835
2490,1,0.792499999999995
2491,1,0.7999999999999762
2492,1,0.6108333333333037
2493,1,0.8361111111111063
2494,1,0.8319444444444395
2495,1,0.8088888888885242
2496,1,0.556944444427003
2497,1,0.5174999999999814
2498,1,0.6249999999991837
2499,1,0.8358333333333282
2500,1,0.8358333333333282
2501,1,0.5569444444327609
2502,1,0.8213888888888837
2503,1,0.8088888888882754
2504,1,0.624999999998672
2505,1,0.5383333333333282
2506,0,0.27494749632528676
2507,1,0.8013888888888839
2508,1,0.7722222222222171
2509,1,0.7715051188397357
2510,1,0.837499999999995
2511,1,0.8402777777777728
2512,1,0.7188888888888779
2513,1,0.806388888888884
2514,1,0.8597222222222172
2515,1,0.8170634920632801
2516,1,0.8152777777777728
2517,1,0.7833333333333283
2518,1,0.5694444444444394
2519,1,0.602777777777726
2520,1,0.5472222222222173
2521,1,0.8047222222222113
2522,1,0.8138888888888839
2523,1,0.8516666666666617
2524,1,0.4958333333333283
2525,1,0.5583333333331513
2526,1,0.8024999999999598
2527,0,0.16650874916687297
2528,1,0.7916666666666585
2529,1,0.47777777777777275
2530,1,0.8461111111111056
2531,1,0.6283333333332952
2532,1,0.8449999999999863
2533,1,0.657499999999995
2534,1,0.6449999999999949
2535,1,0.8427777777777727
2536,1,0.8211111111111061
2537,1,0.7519444444444393
2538,1,0.8452496580027309
2539,1,0.7463888888888839
2540,1,0.7669676609126485
2541,1,0.8705555555555504
2542,1,0.8308333333333283
2543,1,0.8169444444444395
2544,1,0.8699999999999948
2545,1,0.8002777777777728
2546,1,0.7919444444444395
2547,1,0.8738888888888838
2548,1,0.8138888888888839
2549,1,0.813888888888881
2550,1,0.8672222222222171
2551,1,0.8691666666666616
2552,1,0.7827777777777728
2553,1,0.8361111111111063
2554,1,0.7850694850605788
2555,1,0.6199999999999742
2556,1,0.745833333332549
2557,1,0.5233333330507431
2558,1,0.8568642022379324
2559,1,0.7749999999999869
2560,1,0.8482235142118811
2561,1,0.6747222221907768
2562,1,0.778888888881926
2563,1,0.7799999999994757
2564,1,0.7938888888887755
2565,1,0.793888888888539
2566,1,0.5508333333329639
2567,1,0.8444444444444396
2568,1,0.8497222222222174
2569,1,0.6855555555539952
2570,1,0.5499999990940253
2571,1,0.49166666666456743
2572,1,0.7983333333333222
2573,1,0.7922222222151718
2574,1,0.8274999999998892
2575,1,0.7691666666666594
2576,1,0.8576679586563255
2577,1,0.42722222222020617
2578,1,0.5255555554055361
2579,1,0.41610950673907127
2580,0,0.22889263660569703
2581,1,0.5934842457491297
2582,1,0.6658332729741723
2583,1,0.8649999999999949
2584,1,0.8616666666666367
2585,1,0.8583333333333282
2586,1,0.6297222222221978
2587,1,0.8601474591193053
2588,1,0.8172222222222172
2589,1,0.8519444444444394
2590,1,0.7791666666666616
2591,1,0.45499999999593593
2592,1,0.44222222222147173
2593,0,0.16973355906121113
2594,1,0.8649999999999949
2595,1,0.6680555555555491
2596,1,0.86166666666666
2597,0,0.11169299703119318
2598,1,0.8299999999999949
2599,1,0.884003983587124
2600,1,0.8344444444444393
2601,1,0.8604457364341035
2602,1,0.6274999999999902
2603,1,0.5833333333330405
2604,1,0.8574999999999536
2605,1,0.7872884094225507
2606,1,0.8213888888888569
2607,1,0.5952777777777727
2608,1,0.8608333333333283
2609,1,0.5638888888886183
2610,1,0.6574999998550439
2611,1,0.5488095165798347
2612,1,0.7847222222222173
2613,1,0.5233333326951144
2614,1,0.8332235142118812
2615,1,0.6747222220838097
2616,1,0.8334914300357888
2617,1,0.8461111111111062
2618,1,0.5591666666665575
2619,1,0.6865277777777727
2620,1,0.854999999999995
2621,1,0.467817460317274
2622,1,0.8262681765209688
2623,1,0.7812962962962914
2624,1,0.5708332751825935
2625,1,0.7680555555555505
2626,1,0.5319444144072188
2627,1,0.8427703437319541
2628,1,0.6062921315167767
2629,1,0.6823757960099787
2630,0,0.19388145127513404
2631,1,0.6745466970672859
2632,1,0.5880395886393467
2633,1,0.6611096544580225
2634,1,0.5503124769393081
2635,1,0.539664159628663
2636,1,0.43731221676846044
2637,1,0.4373122131095044
2638,0,0.2677151727445564
2639,1,0.6886724427132688
2640,1,0.40847768340243357
2641,1,0.792499710585174
2642,1,0.860833273480284
2643,0,0.08445395676477511
2644,1,0.7297212487210882
2645,0,0.2677156682871253
2646,1,0.8608332240880601
2647,1,0.7817771054863184
