,kepid
0,10797460
1,10797460
4,10854555
5,10872983
6,10872983
7,10872983
8,6721123
9,10910878
10,11446443
12,6922244
13,10984090
14,10419211
16,10480982
17,10485250
18,10526549
19,10583066
20,10583180
21,10601284
22,10601284
23,10601284
24,2306756
25,10662202
26,10682541
27,11460018
29,11465813
30,11493732
31,11507101
32,10910878
33,10910878
34,10987985
35,11018648
36,11018648
37,11138155
38,11152159
39,11153539
40,11242721
41,9579641
42,11304958
43,11391957
44,11403044
45,11414511
46,11442465
47,12110942
48,12366084
49,12366084
50,12404086
52,9579641
53,11656840
59,11853255
60,11909839
64,11923270
65,11960862
66,12020329
69,12070811
71,3120431
72,3246984
73,3342970
74,3342970
75,12459725
76,12470844
77,12470844
79,2440757
80,2445129
81,2713049
82,3114167
83,3114661
85,4139816
86,4139816
88,4139816
89,4275191
90,4476123
93,3554600
94,3641726
95,3734868
96,3832474
98,3832474
99,3832474
101,3838486
102,3935914
103,3940418
104,4049131
105,4139816
106,5287983
107,5358241
108,10875245
109,5358241
110,5358241
111,5358624
113,4664847
116,4913852
117,4932348
120,10875245
121,5021899
122,5077629
124,5164255
125,5252423
126,5252423
127,5272878
129,5649215
130,5651104
131,5792202
132,10875245
133,5792202
134,5370302
135,5372966
136,5376067
137,5436502
138,5436502
139,5436502
140,5436502
141,10875245
142,5436502
143,5456651
144,5456651
145,5481416
146,5531576
147,5531576
148,5534814
149,6291653
150,6392727
151,6422070
152,6428700
153,6428700
154,5792202
155,5794379
156,5794379
158,6022556
159,6032497
160,6061119
161,6191521
162,6267425
164,6276477
165,6863998
167,6948054
168,6948054
169,6948054
170,6435936
171,6522242
174,9471974
177,6675056
178,6685526
180,6784235
181,6849310
182,6849310
183,6849310
185,9471974
186,6862603
187,7366258
188,7366258
189,7366258
190,7366258
191,7373451
192,6948054
193,6949607
194,6949607
196,11869052
197,7109675
198,7109675
199,7118364
202,7135852
203,7270230
204,7287995
205,7287995
206,7287995
207,3247396
208,7303253
209,5094751
210,7678434
211,7678434
212,7685981
213,7708215
214,7373451
217,7434875
218,8349582
219,7434875
220,7434875
224,7458762
225,7552344
226,757450
227,7585481
228,7663691
232,8039892
233,8150320
234,8150320
236,7767559
239,7849854
240,7870390
241,7870390
242,5094751
243,7870390
244,7907423
245,7907423
246,7907423
247,7938496
250,8505670
251,8505670
254,8150320
255,8150320
256,8150320
257,8180063
258,8226994
259,8226994
260,8226994
261,8247638
262,8247638
263,8247638
265,8247638
266,8255887
267,8256049
268,8414716
271,9159275
272,9166862
273,9166870
276,8628973
277,8655354
278,8672910
280,8689031
281,8689373
282,8689373
283,8689373
284,8826878
285,5897826
286,8883593
288,9016295
289,9077124
290,9097120
291,9466668
292,9466668
293,9466668
294,9466668
295,9479273
307,11359879
312,9904059
313,3231341
314,3231341
315,3231341
320,10482160
321,10485069
323,6579806
324,3560301
325,4044005
328,5802246
329,6066403
330,6209637
331,5988031
333,8559644
334,2851100
335,3130300
336,3240158
337,3240158
338,3228959
339,3218908
340,10341913
341,10480921
343,10350571
344,10350571
345,3749365
347,11673674
350,3632418
351,3441784
352,5820218
353,5876368
356,6131236
358,3218908
359,3218908
360,3235672
362,3120276
364,3547091
365,3869825
366,3655332
367,4042026
368,3344419
369,11192141
370,11494130
372,12167361
375,9032900
380,5956656
381,3109930
384,3337425
385,3116412
388,4037164
389,3443790
390,3966912
391,8394721
393,1161345
394,10227501
397,8559644
398,6032981
399,5866099
400,5964985
401,6066416
402,1996679
408,3554031
410,3554031
411,8394721
412,7295235
413,2302548
414,2302548
415,10743597
416,10743597
417,9818381
418,6124941
419,6060203
424,6307537
425,6359798
426,6311681
427,6365321
428,6301035
430,3557493
431,4061149
432,3444588
433,8394721
434,3962243
436,10015516
437,10154388
438,1432789
442,6037187
443,6147122
444,8257407
445,8218274
447,5735762
448,6292162
449,6307521
450,6359320
451,3848972
452,3860441
453,3765771
455,3859628
459,3858949
460,3858824
461,2157247
462,7601633
463,8242681
465,8246781
467,8222813
468,6359320
470,6362874
472,8279765
473,8330548
475,3853673
476,3447722
477,3447722
478,3447722
480,1432214
483,2441728
484,1871056
485,8222813
487,8240904
488,8240904
490,8374494
491,5735762
492,8414907
493,8414907
494,8397446
495,8386035
496,3962243
497,3962243
498,3438507
499,3869014
501,1871056
502,1865042
503,2438502
504,2309585
505,5780460
506,8244190
508,8262210
509,10272640
511,10223616
512,8415745
513,8378634
514,8397675
515,8346392
516,8288947
518,9480189
519,11974540
520,9480189
521,9480189
522,9512687
524,5738346
525,1725016
526,1722276
527,892772
528,1027438
529,10268907
530,5446285
534,10153827
535,5735762
538,8351704
540,9513865
541,9595686
542,9605514
543,9605514
544,9661877
545,5728283
546,8127639
547,6047498
548,8125580
549,8158127
550,10158990
552,10141900
553,10141900
554,10141900
555,8410727
556,8410727
557,8349405
558,8278371
561,9710326
564,9766437
566,9775938
568,8158127
569,8176653
570,8174625
571,8183911
572,8179973
573,10157458
574,4649305
575,10148521
576,10118816
577,10122255
578,3124412
579,3835670
580,10287248
584,10514770
585,9775938
586,9787239
587,9787239
588,9787239
589,9787239
590,9787239
591,2309719
592,2558363
593,2716853
594,2445154
597,3113266
598,3247268
599,3247268
600,3232859
601,3098184
602,2720309
603,10342065
604,10352945
606,10330115
607,10426656
608,9820483
610,7778437
611,9823457
612,9823457
613,2574201
614,2166206
615,2164169
616,2574338
617,2584163
618,4180280
619,3239636
620,2721030
623,3340070
625,10426656
626,10426656
627,10528068
628,10468940
629,9825625
630,9875711
632,1026957
633,10002261
636,5899544
637,5963222
638,5982353
639,6205468
641,3240706
642,2853093
643,3228824
644,3245969
645,3231341
646,10468940
647,10341831
648,10337517
649,10337517
650,10351231
651,10485179
652,8561063
653,8561063
654,8892910
655,8561063
656,10657664
657,3337351
658,6153201
659,5802486
660,5817553
661,5982368
662,5816811
663,5816165
664,7102227
665,7102227
666,7102227
667,6960913
671,11129738
672,11401182
673,11030711
681,10730034
682,10730034
683,10858691
684,10858691
685,10858691
686,8107380
687,6936909
688,6936909
689,6962977
690,6962977
695,11014932
697,6677256
700,6693640
701,10858691
702,10973814
703,10973814
704,6541920
705,10586208
706,6962977
707,6962977
708,6962977
709,7174351
710,6932987
711,11014932
712,11014932
713,11014932
714,11288505
715,11493431
717,8801343
718,8488878
719,8560285
720,8620565
722,10854768
723,10964440
724,10713616
725,10963242
726,10785538
727,6932987
729,6851425
733,11037335
734,11037335
735,11389771
736,11389771
737,8737796
740,8454250
743,10585852
745,10794087
747,6541920
749,7287415
750,6924203
751,6878167
752,6880531
753,6863839
754,7296086
755,11389771
757,11193263
758,11027624
759,11032227
764,8823426
765,4070376
766,4078157
767,4164994
768,4480676
769,4079535
770,6766634
771,6774826
773,7211469
775,7255336
776,7831264
777,7802136
778,7532973
779,9632895
780,7449844
781,8766222
782,8678594
784,8678594
785,8703884
786,8560840
787,4076098
788,4551328
789,4282872
790,4639868
792,4372768
794,7211221
795,7025526
796,9451127
797,9446824
800,11600889
801,11197126
802,11043167
803,8612847
805,8547140
806,8519253
808,8757910
810,4072526
811,4150539
813,4455231
815,8971432
817,9527915
818,9143254
819,8949247
820,11336883
823,12506351
826,9705459
827,8564587
829,8564587
831,8552498
832,8806072
833,4455231
834,4455231
835,4285107
836,4150624
838,9346253
840,9288786
841,8958035
844,7842610
845,7830637
847,7832356
848,9643874
849,8800954
850,8583696
851,8804283
852,8804283
853,8552565
855,4077526
856,4077526
857,4077526
858,4077526
859,8937021
860,8935810
861,2441495
862,9455556
863,9455556
865,3732821
868,3962357
869,9110357
870,8394721
872,6541920
876,4243911
877,4466677
880,4135665
881,9269281
885,9034103
886,9214942
887,3858704
888,3749134
890,3660924
891,3939150
892,8628758
893,8628758
894,8509361
896,8822366
898,4386059
899,4650674
900,4275721
901,4275721
902,8874090
904,9264949
905,9271752
906,9007866
908,3939150
909,3839488
910,3542588
911,3442055
912,3440861
913,12252424
915,10960993
916,6541920
917,10599397
918,10879208
919,10843203
920,4570931
921,4136466
922,7284688
924,7037540
925,6866228
926,9391208
927,9391506
928,8950853
929,9006449
930,9006449
931,9006449
933,3640905
934,3640905
935,4060815
936,6613006
937,6606653
938,10790387
941,10661771
942,10924853
943,10874926
944,6631721
946,7220322
947,6956233
951,8916492
952,11193447
953,11517719
955,11100657
957,6621116
959,6387450
960,12252424
961,6432059
963,10549562
964,10874614
965,6541920
966,10666230
967,10971674
968,6891543
969,7211141
972,7376983
973,5084942
974,11125936
977,11497958
978,11497958
980,6462874
981,6665223
982,6545358
983,6390824
984,6546528
985,10676923
986,10604335
987,10604335
988,10864656
989,10975146
991,7376983
992,7376983
993,7376983
994,6946199
996,11497958
997,11177707
998,11611600
1001,6677841
1002,6677841
1003,6677841
1004,9970525
1006,6383821
1008,10724369
1009,6541920
1011,10744335
1013,5177104
1017,8230616
1019,9838949
1020,9895006
1021,9896558
1024,9602514
1025,9726659
1027,5371776
1028,5371776
1029,5371776
1030,9573539
1031,5371776
1032,9886661
1033,5477805
1034,10055126
1035,10055126
1036,5009743
1037,10015937
1038,10019065
1039,7950644
1040,10080248
1042,9842906
1043,11821363
1044,7629518
1045,10810838
1047,10019763
1048,9899280
1050,4940438
1052,5474733
1053,10963065
1054,6268648
1055,10125352
1056,5357901
1057,4278221
1058,10214162
1059,10905746
1061,6185331
1062,11820830
1063,11774387
1064,9636135
1065,9636135
1066,7841925
1068,7841925
1069,5219234
1070,5219234
1071,5219234
1072,5219234
1073,12504988
1074,9015738
1075,7215603
1077,5561278
1079,6387542
1081,6869184
1083,10799735
1084,6604328
1085,9719634
1086,7439316
1087,12061238
1088,8323753
1090,5184584
1091,5636648
1092,5564247
1093,5438099
1094,5438099
1095,6543893
1096,6543893
1098,11391018
1100,4365645
1102,8197343
1103,7032421
1104,6786348
1105,6209677
1107,9813499
1108,12254792
1109,12020218
1111,9535080
1112,5438099
1113,5438099
1114,5210475
1115,8009350
1116,8082001
1118,9277896
1119,9401997
1120,10686864
1123,8043714
1124,7918217
1126,9631995
1128,7901948
1129,11955499
1130,6442377
1131,9784222
1132,5376836
1133,5557821
1134,10004519
1135,5031857
1137,10879038
1138,10990917
1139,11043136
1141,5771719
1142,9729691
1143,9729691
1144,4950232
1145,10904857
1146,8651389
1147,9520668
1148,7871954
1149,7871954
1150,12418724
1152,10028792
1153,10028792
1155,5553652
1156,5299459
1157,11153121
1158,11153121
1161,11337141
1163,3967760
1164,3967760
1165,4067336
1166,5387843
1167,7549209
1168,7663405
1169,9765975
1170,9818462
1171,6803202
1172,5299459
1173,9651668
1175,12506770
1176,5629985
1177,9898364
1178,11337372
1179,11337833
1180,11546211
1181,11547505
1183,11502867
1189,9850893
1190,4826110
1192,9824805
1193,5193400
1194,7939330
1195,7939330
1197,12602568
1198,9941066
1199,5972334
1202,4832197
1203,4844004
1205,7831264
1206,9761199
1207,7751571
1208,9579499
1209,11913013
1212,9821454
1213,9821454
1214,11954842
1216,5470739
1219,5617854
1222,5183357
1223,5269467
1225,7672940
1229,7770450
1231,11764462
1232,11656246
1233,7808587
1234,4741126
1240,5526717
1241,5972334
1245,6034945
1246,9851226
1248,7543649
1249,9480310
1251,4741126
1252,11669125
1253,12159249
1255,9963461
1256,8081482
1259,5542466
1261,10028140
1265,6198999
1266,6310636
1267,6616218
1268,7761545
1270,12365184
1274,10748390
1275,11804465
1276,9663113
1277,5649956
1278,4840513
1283,10006581
1285,6616218
1286,6696462
1288,7222086
1289,12406749
1292,12403119
1293,9842890
1294,8113154
1295,5270698
1296,5024450
1297,5282049
1299,10027323
1300,10027323
1301,12019440
1305,7304449
1306,7386827
1307,7522911
1308,7626370
1309,7703955
1310,7512982
1312,9597806
1313,7812167
1314,11760959
1316,9940565
1318,9663113
1319,8111381
1320,5444549
1322,5474613
1323,4860932
1324,5438757
1325,5438757
1327,5972334
1328,7815744
1329,7955580
1330,8230616
1331,9692345
1332,7898352
1334,7898352
1335,12062667
1337,7951018
1338,9899355
1339,12644774
1340,9902856
1341,7747425
1342,9892816
1343,9892816
1347,2304320
1348,3657758
1349,9790806
1353,10019708
1355,7697568
1356,7046804
1357,7449136
1358,8680979
1359,8680979
1360,9030537
1361,6949061
1362,7269493
1364,9164836
1366,11657891
1367,6305192
1369,9634821
1371,8950568
1373,11601584
1374,11601584
1375,11601584
1376,11601584
1377,8689793
1378,11673802
1379,4263293
1380,4263293
1381,4263293
1382,5695524
1383,6205897
1384,7948784
1386,9650808
1387,9650808
1388,8950568
1389,8950568
1390,8950568
1391,8804845
1392,10480915
1393,11709244
1394,11709244
1395,11709244
1396,10019708
1397,11853878
1398,5728139
1399,7668663
1400,7047922
1401,9353314
1402,3629967
1403,9347009
1405,4917596
1406,4743513
1407,11046458
1409,7132798
1410,3448130
1412,6026438
1413,9471268
1414,9471268
1415,9471268
1416,10657406
1417,5526527
1418,5809954
1419,8766650
1420,10328393
1424,8543100
1426,9412760
1427,9412760
1428,6026438
1429,10663396
1430,11457726
1432,9649706
1433,5856571
1434,7765528
1435,11760231
1436,7779077
1437,6046540
1439,3762468
1441,10130039
1442,10130039
1445,7273277
1446,11769890
1447,6862721
1448,12301181
1449,9279354
1450,6774880
1451,3937519
1453,5080636
1455,3338885
1456,3338885
1458,10130039
1459,8226050
1460,9965957
1461,9704384
1462,8426567
1463,12508335
1464,10094670
1466,8257205
1467,9044228
1468,7265298
1469,7265298
1470,7132798
1473,7430034
1476,10464050
1477,9763348
1478,9101496
1479,6037581
1480,10723750
1481,6037581
1482,6037581
1483,10779233
1485,11450414
1487,10384798
1490,10134152
1491,9573685
1492,10329835
1493,6849046
1495,9662811
1498,10074466
1499,8218379
1500,7755636
1501,9411166
1504,9834040
1506,8802693
1507,6061773
1510,3239671
1511,9304101
1512,11360571
1513,6035124
1514,8160953
1521,10723750
1522,7219761
1523,5770074
1524,10136549
1525,9851271
1527,6665512
1528,10525027
1529,11069176
1530,10005758
1532,3128793
1533,5864975
1534,2975770
1536,7877496
1538,11126381
1540,10136549
1541,5511081
1542,5511081
1543,5511081
1544,5511081
1545,10978763
1546,11069176
1547,8098728
1550,5631630
1551,6504954
1552,9410930
1554,6153672
1555,10676014
1556,9520838
1557,8167996
1558,8167996
1559,8167996
1560,6773862
1561,10978763
1563,10978763
1565,9072190
1566,5384079
1569,6707908
1570,8492026
1571,6867766
1573,11017901
1575,11298298
1576,10187159
1577,9758089
1580,4939346
1582,5396122
1583,10190777
1585,7045496
1588,6226290
1589,9595827
1590,9349482
1592,4644952
1593,2987027
1594,4644952
1595,4644952
1596,8978528
1597,8978528
1598,9967771
1599,11622600
1600,10454632
1604,5213902
1605,2832589
1606,2438513
1607,6356207
1608,8564674
1609,8564674
1610,8578780
1611,4544907
1612,7761918
1613,8240797
1614,8240797
1615,8164262
1616,6279974
1617,9455325
1619,8367644
1622,9305831
1623,2438513
1627,9536692
1628,4636578
1629,4636578
1630,4636578
1631,11923284
1632,9838975
1633,5621125
1634,9872283
1635,10666242
1638,9597058
1639,4035640
1640,6205228
1641,11758544
1644,3118797
1645,7747425
1647,7747425
1648,7747425
1649,7102316
1650,7102316
1653,5940165
1654,8277797
1655,8277797
1659,11413812
1660,9549648
1661,10063802
1662,11074178
1663,11074178
1665,5942808
1667,8959839
1668,7672097
1669,6142862
1671,8099138
1672,7033233
1674,6383785
1675,9411412
1676,7008211
1677,7620413
1678,4545187
1679,10854546
1683,8261920
1684,8261920
1685,9112931
1686,9071593
1687,8126558
1688,11811193
1689,3734418
1690,8681734
1691,10232693
1692,10212441
1694,8247771
1695,8165946
1696,12017109
1697,9225395
1698,10709622
1699,11499228
1700,9022166
1701,10965588
1702,10670119
1703,10670119
1704,4043443
1707,8613535
1708,12256520
1709,3337432
1710,5629538
1712,8235924
1713,6941084
1714,6200235
1715,11460462
1716,8612275
1717,8612275
1718,7207061
1719,4545187
1720,7286911
1721,8591173
1725,10489345
1726,11774303
1729,9717943
1730,8026752
1731,1872821
1735,7207061
1736,6921944
1738,8164012
1740,8611781
1744,5601258
1745,7960980
1747,3458028
1748,3342794
1749,3342794
1750,5716932
1751,11288051
1753,11566256
1754,8495415
1756,4857213
1757,9415108
1758,4262581
1759,8591693
1760,4833421
1761,8282651
1763,11401767
1764,10909127
1767,2439243
1768,9221517
1769,6751874
1770,10863608
1771,5602588
1772,11288051
1775,5547480
1779,7019489
1780,2141783
1781,4144576
1783,9992325
1786,9945370
1789,8973129
1790,12505654
1792,11670125
1793,11461844
1795,9351920
1796,2161536
1797,10549023
1798,9661979
1799,8219268
1801,4833421
1803,4142847
1804,10203349
1805,9718066
1808,12121570
1809,8410415
1810,7987866
1812,11560897
1813,11342416
1814,9086251
1815,4254466
1816,5801571
1817,9904006
1818,5288570
1819,9364609
1820,7457296
1821,10328458
1822,7050060
1823,4248120
1825,8321314
1828,11498128
1831,12254909
1833,9364290
1834,9364290
1835,5022828
1836,8233702
1837,11403339
1838,8260902
1839,8381204
1842,4833421
1843,5357545
1844,6871071
1845,5342473
1847,9963265
1848,10583761
1850,12058147
1851,8164257
1852,8164257
1853,8164257
1854,10593759
1855,6774537
1856,10404582
1857,5959753
1858,6021193
1859,6021193
1860,6871071
1861,6871071
1862,6287313
1865,4458082
1866,8042453
1868,6666233
1869,7661065
1870,3937519
1872,10857519
1873,9517393
1874,9351316
1875,6021193
1878,7989422
1880,8892157
1882,11569782
1883,4833421
1885,7219825
1886,3749978
1887,10010440
1888,11718144
1892,9473078
1893,10864531
1894,10864531
1896,9472000
1897,10253547
1898,10253547
1899,12505076
1901,12116380
1902,2556650
1903,10600955
1904,10801100
1905,4473226
1906,8914779
1908,8963721
1910,3219995
1911,6062929
1912,7504778
1913,7219825
1914,7097965
1915,4249725
1916,3967326
1917,6768394
1918,6768394
1919,5211199
1921,8804455
1922,5546761
1924,9205938
1927,5005121
1928,4833421
1929,8229458
1930,10684670
1931,11495458
1932,9003401
1933,5978559
1936,6768394
1937,6922710
1938,11348997
1939,5705819
1940,6696580
1942,7204981
1943,3847907
1944,4370527
1946,5125347
1948,4770617
1953,8007644
1954,11192235
1955,6383785
1956,6696580
1958,4249725
1962,11308499
1963,11308499
1964,9006186
1965,9006186
1966,7802719
1967,11030475
1970,5023956
1971,12401863
1972,5534941
1973,11121752
1974,11121752
1975,2990873
1977,10158729
1980,6047072
1981,9006186
1985,3862246
1986,4173026
1989,5350244
1991,10925113
1992,11769801
1994,1995519
1996,6198182
1997,10024051
1998,8676038
2000,8676038
2001,8073806
2002,10419312
2004,10453588
2007,7212184
2008,6956014
2009,9757613
2010,5307858
2011,6605493
2013,7259298
2015,6211812
2021,8611832
2022,8611832
2023,5621586
2024,9210387
2026,8559152
2027,2718778
2028,3122913
2029,9229657
2030,10415227
2032,9026749
2034,9159242
2035,12061096
2036,5794240
2037,6933567
2039,11303815
2040,6044553
2043,10027247
2044,6343170
2045,7107802
2046,11752632
2047,10028535
2049,5212220
2050,9964748
2051,9842937
2052,9757613
2056,11962284
2057,2573056
2058,6842682
2059,8890150
2060,8890150
2062,11360805
2063,9845898
2065,11922678
2068,5959719
2069,5544903
2070,5542983
2071,8256453
2072,9474493
2073,4551663
2076,11752908
2077,7021681
2078,4346178
2079,9664142
2080,10018233
2081,8081899
2082,10189557
2083,8478994
2085,9911882
2086,8631504
2087,8110767
2088,5471574
2089,6767840
2090,8379705
2091,9896018
2092,11037511
2093,9757613
2094,11818872
2095,11771430
2096,5513012
2097,11761199
2098,8074805
2100,2437505
2102,3533469
2103,8956706
2104,7047363
2105,11968463
2106,11968463
2108,9880190
2110,5392702
2111,8429566
2113,7673841
2115,5546691
2116,12156347
2120,8803882
2121,9893318
2123,5097868
2124,8570333
2125,8478994
2126,5036705
2128,9653622
2129,4391348
2131,8947520
2132,10468885
2133,12016267
2135,3861595
2136,5725087
2137,10489206
2138,3426367
2141,12110786
2144,5078939
2146,5339567
2147,4459924
2148,11080405
2151,10059645
2153,7183745
2154,8212002
2155,8004903
2156,8883329
2157,8883329
2158,3644653
2160,5514383
2161,10747445
2162,8022489
2163,8022489
2164,8022489
2165,9209624
2166,9209624
2169,8478994
2170,3946023
2171,7183745
2172,9177629
2173,7778767
2174,7515762
2175,5942949
2176,12120307
2177,12120307
2178,12120307
2180,9777251
2181,6864893
2182,11701407
2184,11288051
2185,10813132
2186,5857540
2188,7289317
2189,6500206
2190,5545815
2191,3116302
2192,7879433
2194,8463346
2196,10489206
2197,7531677
2198,10068659
2203,4055774
2204,6670075
2205,9395024
2208,6507427
2209,5521300
2210,8478994
2211,9753154
2212,9011825
2214,5174858
2215,11074835
2217,10407221
2218,5991936
2220,6269070
2221,6705137
2223,8345172
2225,12254378
2227,7604328
2228,11236244
2230,5042210
2231,12454461
2233,9635606
2234,3728701
2237,9390653
2239,11187837
2242,8025596
2243,5956787
2244,3642741
2245,12071037
2246,8494617
2247,10289119
2248,7382313
2249,9887224
2250,7542369
2253,11295426
2254,7289162
2255,3001885
2256,12306058
2257,6183511
2258,12469800
2259,4915638
2260,6351097
2261,8081905
2262,11465950
2263,9996632
2264,4665571
2265,4829935
2267,6199056
2268,11461433
2269,11818607
2270,8380709
2272,9108085
2273,5436013
2274,8676148
2275,9696358
2276,5039129
2277,4484336
2279,9757613
2282,10916600
2283,8429314
2284,9153570
2285,11768142
2289,8481129
2290,2142522
2292,8753896
2294,8746295
2295,10090257
2296,11295426
2297,10679583
2300,8757824
2301,9832208
2302,6124512
2303,10070468
2305,7584650
2306,11337566
2308,10202759
2309,5007345
2310,12120484
2311,6429812
2313,5385439
2315,4476423
2317,9851662
2320,8758204
2321,8733898
2322,8733898
2323,3228945
2324,7008149
2325,10332213
2329,5871985
2330,8292840
2333,11453592
2334,3834322
2336,11188249
2338,5097470
2339,4858610
2340,10591855
2341,4832175
2343,9451706
2346,4381282
2348,7609553
2349,10122538
2350,10122538
2352,5480640
2353,5480640
2354,5480640
2355,5175986
2356,9008737
2357,9008737
2358,9692128
2360,6521045
2361,8167959
2362,4075015
2363,6697605
2365,6294819
2368,3230753
2372,4180401
2373,6350476
2374,8292840
2375,5272233
2376,5272233
2377,11456382
2378,3130548
2381,4275117
2382,6545051
2383,5513866
2385,5688910
2386,6345732
2388,6345732
2389,8611257
2390,3861611
2393,10880507
2395,5443604
2396,12206313
2397,12206313
2398,9837661
2399,7769819
2401,12164564
2402,8190354
2404,10397751
2405,10397751
2407,7815931
2409,9642292
2413,8243283
2414,9837661
2415,9837661
2416,9092504
2417,5383248
2418,9092504
2419,10001368
2420,9466429
2421,4365442
2422,8885643
2423,5652893
2425,3957082
2426,8681833
2427,4138951
2428,3102384
2429,10471515
2431,8760040
2433,10098844
2434,9467404
2435,5308666
2438,6587105
2439,11662184
2440,11127479
2441,5428668
2442,5041569
2444,9899181
2445,9899181
2446,8884274
2450,4385148
2451,9838468
2452,6781548
2455,7673192
2456,7673192
2457,7673192
2458,7673192
2460,7670943
2462,5649833
2463,10518399
2464,5905822
2465,10793172
2466,10793172
2467,7136729
2468,6364276
2470,5108946
2471,8801316
2474,10876237
2475,12314973
2476,3346154
2477,5308387
2478,6233573
2479,10363281
2480,4861527
2481,5775129
2482,9898447
2483,5307568
2484,11135308
2486,6521045
2488,7019524
2490,9825174
2492,8429415
2493,5014903
2494,5980783
2496,8560804
2497,12008872
2498,8415200
2499,4072333
2500,9886361
2501,9886361
2502,3730335
2503,6528464
2505,10275766
2506,10275766
2508,5642620
2510,9652649
2511,11100670
2512,6129524
2513,5794570
2514,5794570
2515,5649325
2517,6779260
2519,5953297
2520,7659389
2521,9472074
2522,10842192
2523,2442448
2526,11283615
2527,7605093
2528,3859363
2530,12023078
2531,6364162
2532,7463685
2534,11231334
2536,6878240
2537,6878240
2538,2436378
2539,6614629
2541,4831728
2543,3336765
2544,4270565
2545,6528464
2546,11963206
2549,10068024
2550,9636563
2551,6937402
2553,2853828
2555,4035667
2556,9612825
2557,7826659
2558,7202957
2559,5513893
2560,10514430
2561,8095441
2563,12456601
2564,10341917
2565,3241604
2566,9591070
2568,7428736
2569,5817986
2570,11129258
2571,10586004
2574,7202957
2575,6521045
2576,5790807
2577,8892303
2579,5369827
2581,6586746
2582,9962455
2583,9962455
2585,6436029
2586,6197215
2587,9451706
2588,9244508
2591,3657176
2592,3969687
2593,9369366
2594,6716545
2596,2989706
2597,5185897
2598,5185897
2599,5185897
2601,9881077
2602,3097346
2603,5717567
2604,6265792
2605,9995402
2607,5609593
2608,5436338
2611,2708885
2612,6612284
2613,10586004
2614,4483138
2615,9475552
2616,9475552
2617,8292840
2622,3545135
2623,6964929
2624,6432345
2627,6607357
2628,6607357
2629,9451706
2631,5471202
2632,9640439
2633,9693006
2636,6627507
2637,5128673
2638,6690836
2640,5481148
2642,7877978
2643,7903086
2644,12024120
2645,8210018
2646,3642289
2647,3642289
2648,3662838
2649,5966322
2650,6029239
2652,12107021
2654,12404954
2656,2438070
2660,3642335
2661,3328052
2663,9119568
2664,9119568
2665,9020114
2666,6196457
2669,6063220
2670,6071903
2673,11623629
2675,4815520
2676,6603043
2677,7175184
2678,7109851
2681,11403530
2682,5088536
2684,6609270
2685,12406807
2686,8046689
2687,5096590
2688,9650989
2692,7024511
2693,7050989
2694,7175184
2695,8494142
2696,11554435
2697,8494142
2698,5652983
2699,6471021
2700,7906671
2703,3348285
2704,11618601
2708,9959589
2709,9025922
2710,6196457
2711,7050989
2712,7419318
2713,7419318
2717,7364176
2718,8686097
2719,12356617
2720,12643589
2721,12643589
2722,3323887
2723,11618601
2724,7732285
2725,9716391
2726,6929841
2727,5088536
2728,5124254
2734,7700622
2738,3323887
2740,3323887
2741,2449074
2744,11137180
2745,9838804
2750,11572193
2751,11285870
2754,6196457
2755,8121310
2756,8156120
2758,8700558
2759,8753657
2761,3847708
2762,3849155
2763,3858804
2764,3942670
2765,3942670
2767,10585738
2768,7186665
2770,6388770
2772,7676423
2775,11720424
2776,7837302
2777,8753657
2778,8948424
2780,9641041
2781,9724984
2782,2452450
2784,3231137
2785,3353050
2787,5695396
2788,5217891
2790,8051946
2794,11499192
2795,12416661
2800,9881662
2801,9881662
2802,9895004
2803,3656121
2804,10620329
2805,3656121
2806,3733628
2807,3831053
2813,4076976
2814,8751796
2815,7097534
2818,9527334
2819,10031885
2822,10285631
2823,3964109
2824,4159347
2825,3544595
2826,4165960
2828,4376644
2829,9301506
2830,5695396
2831,9714550
2832,6263593
2835,10252275
2836,10252275
2837,11455181
2839,10290666
2840,10337258
2841,10383687
2844,12314973
2848,5091016
2851,8827575
2852,2716801
2854,7216284
2855,8703887
2856,9899352
2857,6945786
2858,5978170
2859,5440317
2860,10545066
2861,6056992
2862,10552611
2863,10552611
2866,6948480
2868,11090556
2869,11090556
2870,10686814
2872,6021275
2874,8192911
2877,5688790
2878,1717722
2880,10908248
2881,10616571
2884,10982872
2885,10982872
2886,2720514
2887,4141376
2888,9468551
2892,4857058
2893,10924562
2894,9899505
2896,7534267
2898,10611420
2899,10386922
2900,10386922
2901,10982872
2902,3558981
2903,11015108
2905,11100383
2907,8847111
2908,4568298
2910,4374339
2911,6636320
2913,4847782
2914,6021275
2915,10350571
2918,10488450
2919,10933561
2920,10933561
2923,11075737
2924,11189127
2925,11194032
2926,11394027
2929,11442793
2930,5520547
2931,4848424
2933,4143755
2936,6072593
2937,5865654
2940,8197560
2941,11200415
2943,11259686
2947,11442793
2949,11442793
2950,2445975
2954,6531496
2955,3848275
2956,12021625
2957,9777256
2958,4175630
2959,7433585
2960,6665223
2964,6021275
2965,10619142
2967,11905011
2970,2692377
2971,3742855
2973,11568987
2974,11568987
2975,11621223
2976,11624249
2977,12017140
2979,5702939
2980,3852655
2981,11255231
2982,5088536
2983,6103377
2984,6677841
2988,3324986
2990,8037145
2991,8162789
2995,10098844
2996,8355239
2997,9210823
2998,8367113
2999,8474898
3000,8558011
3002,9115800
3006,6850504
3008,10934674
3009,10990886
3011,11134879
3012,11192998
3014,8934495
3016,5866724
3017,9157634
3018,9636569
3023,8625925
3024,8822216
3026,9967884
3028,10189546
3029,10189546
3030,10189546
3032,11192998
3033,11192998
3034,8823868
3035,11255761
3036,11497977
3037,7021681
3038,9941859
3039,9941859
3040,9941859
3041,10068030
3042,10266615
3043,6444896
3045,8822216
3046,9020160
3047,7941200
3048,9020160
3050,9020160
3051,10418224
3052,10616679
3053,10717241
3057,6850504
3058,12061222
3060,12404305
3061,10212441
3064,10454313
3065,10513530
3066,5866724
3068,10513530
3069,10554999
3071,9146018
3072,9146018
3073,9146018
3074,9279669
3076,10858832
3077,10937029
3079,10937029
3080,11656302
3081,2576197
3082,2576197
3083,3239945
3085,10187017
3086,3239945
3087,10554999
3088,10873260
3089,10965008
3090,10467815
3091,11073351
3092,11090765
3093,11246364
3094,9570741
3095,9607164
3096,9631762
3105,11904151
3106,3239945
3107,3239945
3110,3834360
3111,3966801
3112,11521048
3113,11656721
3114,11853905
3115,5866724
3116,11669239
3117,11669239
3118,10600261
3119,10656823
3120,10656823
3121,10676824
3122,10718726
3124,12470954
3128,3340312
3129,4049108
3130,4454752
3132,4757437
3133,10187017
3134,4757437
3135,11823054
3136,11823054
3139,11972666
3140,12058931
3142,9886221
3145,9958962
3146,9958962
3147,3745690
3148,3745690
3150,3745690
3151,3833007
3153,4833135
3155,4852528
3156,4852528
3157,4852528
3158,4852528
3159,12058931
3160,12116489
3161,12600735
3162,10593626
3163,3437776
3164,9958962
3166,10388286
3167,10600261
3169,10600261
3170,11904151
3171,4384675
3172,4633570
3173,4633570
3174,5021176
3175,5640085
3176,5640085
3177,4852528
3179,5282051
3180,10187017
3181,5340644
3182,3437776
3183,4165473
3184,4270253
3186,4270253
3192,12459913
3194,5779852
3196,6200715
3198,6291033
3199,6889235
3200,6758917
3201,5461440
3202,5689351
3204,5689351
3205,5689351
3206,5689351
3207,5303551
3209,7692093
3210,5709725
3211,5709725
3212,7700871
3215,2716853
3217,7289157
3218,2695110
3219,7098355
3220,7101828
3222,7269974
3223,7269974
3225,5689351
3226,5780715
3228,5812960
3229,6266741
3230,10187017
3232,5774349
3236,6501635
3237,3217264
3238,3217264
3239,8554498
3240,6850504
3241,3217264
3242,3342592
3245,8219268
3246,7977197
3247,7977197
3249,6266741
3251,4367854
3254,6422155
3256,6707833
3257,9785921
3258,6786037
3259,6786037
3260,6786037
3261,4247092
3262,4949751
3264,5003117
3265,5035972
3266,5218441
3267,5351250
3268,8043638
3270,8621348
3271,8773869
3272,8845205
3276,6422155
3277,6422155
3278,6422155
3279,6451936
3280,6451936
3282,8056665
3283,7025846
3284,7119481
3285,7445445
3286,7445445
3287,8397947
3288,5351250
3289,5351250
3290,6850504
3291,5351250
3292,5444548
3293,10187017
3294,8891318
3296,9583881
3297,9589524
3299,8019043
3300,11775507
3301,10187017
3302,6838050
3303,6937692
3304,7602070
3305,7812179
3307,7445445
3308,7595157
3309,7595157
3310,8008206
3311,8008206
3313,5449777
3314,5478055
3316,5791986
3317,5791986
3320,9844088
3321,10019643
3322,10019643
3324,5653126
3325,7840044
3326,8015907
3327,8017703
3328,8017703
3329,8017703
3330,1995712
3331,8106610
3332,8056665
3333,8120608
3334,8120608
3335,8120608
3336,8120608
3337,5872150
3338,5872150
3340,6850504
3341,6508221
3343,10155434
3348,6436505
3349,8022244
3350,2571238
3351,8022244
3352,8037145
3353,8037145
3354,2140389
3355,8193178
3356,8193178
3357,8344004
3358,8344004
3359,8355239
3361,6508221
3363,7975727
3364,8219673
3365,8352537
3367,3248033
3369,10577994
3370,10577994
3371,10599206
3372,6768616
3373,10068383
3374,10157573
3375,10191070
3377,10225800
3379,10227020
3380,4563268
3381,4644604
3382,4656049
3385,4742414
3389,7764367
3390,9024857
3393,10227020
3394,10227020
3395,6678383
3397,10227020
3398,10259031
3400,4827723
3401,4841374
3402,4861736
3403,5020319
3404,5090690
3406,8361905
3407,12116489
3408,8409588
3409,11250587
3410,8480285
3411,8480285
3412,10265898
3414,2302758
3415,10265898
3416,10271806
3417,10271806
3418,5098444
3419,5113822
3420,5113822
3421,5120087
3422,5121511
3423,8557374
3424,8557374
3426,8738735
3427,8738735
3428,8802165
3429,10271806
3430,10271806
3431,5351250
3433,10984090
3437,5181817
3438,5309353
3439,5356593
3440,8805348
3441,8869680
3445,8891278
3447,10340423
3448,10340423
3449,10345478
3450,10358759
3451,5374854
3452,5374854
3454,5531694
3457,8962094
3458,8962094
3459,8962094
3460,8962094
3461,10358759
3464,10395381
3465,10418797
3467,8456679
3469,5796186
3470,5796675
3471,9002278
3472,12306808
3473,9002278
3474,9002278
3477,9162741
3478,5893123
3479,5941160
3480,5941160
3483,3749508
3484,9266431
3485,9300285
3486,9426071
3489,10729472
3491,6020753
3492,8456679
3493,6020753
3494,6062088
3498,9530945
3501,6062088
3502,6062088
3503,6125481
3506,6347299
3507,9530945
3508,9578686
3509,9590976
3510,9590976
3512,9590976
3513,2441151
3514,3970233
3517,5014753
3519,6347299
3520,6365156
3521,6425957
3523,2444412
3524,6425957
3525,9597345
3526,9597345
3527,9597345
3529,9640976
3530,9640985
3532,5608566
3533,5686174
3539,1434395
3541,6685609
3542,6685609
3544,9702072
3546,9834719
3548,9873254
3552,7368664
3554,6685609
3555,6707835
3557,6752502
3558,6805146
3559,10318874
3560,6960445
3561,9873254
3562,9884104
3563,9884104
3564,9884104
3565,9950612
3566,9714696
3567,9846086
3569,10384962
3572,7040629
3573,2711131
3574,7040629
3575,7040629
3576,7040629
3577,9950612
3578,6678383
3579,2308411
3580,9950612
3581,9950612
3582,9963524
3588,12068975
3589,7115785
3591,7115785
3592,7115785
3593,7124613
3594,8711794
3595,7277317
3597,9963524
3598,9963524
3599,9963524
3600,9964801
3603,12068975
3604,12068975
3605,12068975
3606,3541946
3607,3541946
3609,7385509
3610,7447200
3611,7447200
3612,7466863
3613,7509886
3614,7509886
3615,10002866
3616,10002866
3617,6678383
3618,10002866
3620,10005020
3621,3541946
3622,4449034
3623,4478168
3625,2854839
3626,4563268
3627,7515212
3628,7515212
3629,7529266
3630,11553706
3632,10489525
3633,7598128
3634,11858979
3635,5900390
3636,5444334
3637,10139620
3638,8686373
3646,5530112
3647,6226908
3648,5906694
3649,10186945
3651,9956082
3652,3241647
3653,7761585
3654,3241248
3655,9716302
3656,2708286
3657,6755944
3658,10419797
3660,7777471
3661,10294509
3663,3003019
3664,9334893
3666,10000941
3667,9455677
3669,7690855
3670,5649837
3672,8029197
3676,11465651
3677,5036480
3679,6592832
3680,8524346
3683,5471271
3684,5881120
3685,3248696
3686,4548098
3688,5446285
3690,5041847
3691,3836558
3692,4770617
3693,6106282
3694,4946584
3695,6463499
3696,8254882
3697,6042031
3698,4078311
3699,5475735
3701,9022166
3702,10075409
3703,7038096
3704,3345973
3706,11972872
3707,9899233
3708,3103227
3709,4850961
3710,3102309
3711,8521059
3712,5217574
3714,8439323
3715,4458082
3720,6862332
3721,10714072
3724,8128247
3725,6276994
3726,9674564
3727,5942808
3729,5688683
3732,5565707
3733,1293031
3734,2859299
3737,8694309
3739,7818447
3740,11569475
3743,8951205
3744,5700900
3745,7026477
3746,9402583
3747,7838675
3748,8700537
3749,10858785
3750,9640907
3752,9551430
3754,7100673
3755,7100673
3756,4138557
3757,2708278
3759,3747817
3760,8483366
3762,9071593
3763,10089911
3764,3247404
3765,11415243
3768,7773179
3769,11017094
3771,5956633
3775,11145831
3776,11444952
3777,8647295
3778,3444098
3779,5112567
3780,2708343
3781,3235282
3782,3348090
3783,9282762
3784,3117046
3785,6311520
3788,4150496
3789,11401767
3790,9655005
3792,3851194
3793,8613535
3794,5092655
3795,3955817
3796,10661778
3797,5513857
3798,10272389
3801,10360722
3802,9091755
3805,6349881
3806,9851970
3808,5726910
3809,1718958
3812,4673628
3813,11401767
3815,9099950
3816,9718066
3817,9272070
3818,5088400
3820,3757407
3821,4769931
3822,9220612
3824,6806695
3825,3858943
3827,10858803
3828,6129694
3829,5957181
3830,7601918
3831,6119877
3833,7211879
3834,8087812
3835,4863956
3838,5308537
3840,5281113
3841,7847104
3843,3347807
3844,8487805
3848,3336845
3849,3645282
3850,6026924
3851,6525280
3852,4861784
3853,5876360
3855,3732972
3856,3244792
3857,8743082
3859,9142742
3861,4579598
3862,7777522
3863,9305012
3866,5078025
3867,1724719
3868,8120608
3870,5026326
3871,5471574
3872,5512580
3874,6359820
3875,11872139
3877,2708221
3880,4571004
3884,7031942
3887,5632701
3888,10549924
3889,9366617
3890,6187341
3892,10156055
3894,5024177
3896,4548011
3897,4571004
3898,4571004
3899,4571004
3901,4571004
3904,10155321
3905,3866536
3907,4679314
3909,5702637
3910,8309169
3913,6364067
3917,8463346
3918,5868793
3919,8483021
3922,1575873
3923,10669994
3925,11449918
3928,3750350
3930,4584865
3932,11968463
3933,9183378
3936,9535876
3937,5817533
3938,7681230
3941,3448456
3948,9899630
3949,4367528
3953,3751231
3955,7816665
3956,9535881
3957,11616596
3958,9872831
3961,12306058
3963,8773015
3966,3531231
3968,5471489
3969,5471489
3970,9011874
3973,8611344
3974,9518651
3975,2305311
3976,6383595
3977,11080405
3978,11509504
3979,6599949
3980,11611275
3983,11612280
3984,5536715
3985,8149484
3987,11444514
3988,9886361
3989,9702006
3990,6778008
3992,8308260
3993,8492101
3996,6343576
3998,2449101
3999,7259249
4000,8678691
4001,9640924
4004,11037128
4008,11969092
4009,2570773
4011,6356885
4012,3542542
4013,11718389
4014,11124703
4016,10604592
4018,9593773
4019,9285568
4020,7604328
4022,9777757
4023,7103919
4025,8645191
4026,10722485
4027,9717958
4028,8128067
4029,7703910
4030,7777818
4031,9851360
4034,9490653
4037,9640931
4038,5125196
4039,9640962
4040,5097454
4042,3663141
4043,5177859
4046,10342248
4047,9777290
4048,8548427
4050,6289344
4052,9883606
4053,5860968
4054,3645438
4055,8480582
4057,10936786
4059,6938264
4060,9899315
4061,9541089
4062,3650049
4063,9641076
4066,10525049
4067,9896018
4068,5095082
4069,12418891
4070,3839294
4073,2830919
4074,9588822
4078,11560897
4079,10858737
4080,6752002
4081,7257966
4087,5817613
4090,9910942
4092,10924340
4093,5371777
4096,6629993
4101,3124598
4102,6879171
4104,12505503
4105,3548639
4106,4390912
4112,3545583
4115,8374741
4119,3247503
4122,8733898
4123,9828127
4125,4281068
4126,9092496
4127,5644412
4128,9959545
4129,9641144
4133,7368137
4134,9027841
4135,8953414
4138,10730070
4139,4458109
4141,2831055
4142,11044826
4144,7703882
4145,8179190
4146,9777724
4148,5340878
4149,10273903
4152,8890924
4155,8573193
4156,9240664
4157,7673841
4159,6528141
4160,8106112
4163,5563937
4166,6119921
4167,5084171
4168,4141587
4169,11968463
4170,3834317
4171,10593535
4172,5959719
4173,5992210
4174,4284980
4178,9701962
4179,6685646
4180,4574319
4181,7741837
4183,11093335
4184,9394768
4186,10972902
4187,3832474
4191,11912941
4194,6525106
4196,5977470
4198,4355503
4199,6119923
4200,6126076
4201,11284772
4203,6153407
4204,5955621
4205,11519187
4208,4852297
4209,9851845
4210,9474483
4213,8613218
4214,8548069
4217,3127911
4220,10399321
4224,7837733
4230,8625732
4231,2831251
4232,6721380
4233,7694615
4235,4556468
4239,5282437
4240,7747457
4241,8652360
4242,9602421
4245,4373195
4246,5090937
4249,6359175
4250,8104207
4252,10026502
4253,3953173
4254,8037926
4258,9002278
4261,6437617
4262,8453851
4263,11650401
4264,9873759
4267,9516728
4268,4825872
4270,8110733
4278,9100953
4280,10407086
4281,4073089
4282,6065351
4284,6761777
4285,4825872
4288,4664743
4289,4735826
4290,6593734
4293,8395860
4294,7778621
4295,5956354
4296,9100953
4297,8109107
4298,6200529
4301,6929285
4302,4848321
4303,12255382
4304,6522745
4311,4374610
4320,4545570
4321,7598111
4323,8240746
4325,9652655
4326,10140843
4330,9824928
4332,5817685
4335,7523542
4336,3109937
4339,11671579
4340,11553598
4341,12069414
4342,9216775
4347,8443265
4348,3240406
4350,5090803
4354,6137779
4357,9083470
4358,5783732
4360,7900100
4362,11243547
4364,9009036
4368,10491525
4369,3859042
4371,4946049
4373,5559651
4374,5962262
4376,8429668
4377,7429240
4380,7032001
4384,6199864
4385,9577855
4387,4386607
4389,12108364
4390,8295671
4392,10407210
4393,7457278
4396,8984755
4397,7366895
4398,10729472
4399,6200612
4400,9777200
4404,5003670
4406,4144873
4408,9171886
4409,3337061
4412,8487838
4416,8937762
4420,8652577
4421,8804937
4423,11912987
4425,4136659
4426,3438976
4430,5476671
4431,7335972
4433,2694632
4436,5428471
4437,7283710
4444,2576224
4445,3967501
4447,6437226
4448,2710623
4450,2696703
4451,7699298
4453,7115661
4454,2853889
4456,4845862
4459,9838608
4460,4247811
4461,6543645
4463,8738244
4465,10006641
4466,10815916
4467,3547760
4469,4848115
4471,5991765
4472,3962872
4473,11912911
4474,7045435
4475,2972800
4476,8573168
4479,3857860
4481,7430876
4482,4843592
4483,9602775
4484,8955709
4485,7031430
4487,4381429
4488,11912916
4489,12108293
4490,5301093
4492,9640946
4493,9776186
4494,9752973
4495,8044600
4496,10220837
4497,10991239
4499,9345819
4500,9180566
4503,11092040
4504,4851145
4505,10292540
4509,6276791
4510,8636600
4511,10220950
4514,10342316
4515,5305399
4521,3962684
4522,4730442
4523,9447166
4524,9643043
4525,8151055
4526,7177555
4531,10615440
4533,5802292
4534,5126932
4535,10034146
4536,4175105
4540,2437897
4541,9307966
4542,5556726
4545,7889486
4546,7889486
4549,8233802
4550,7510820
4552,6116035
4553,8958359
4557,7983117
4558,5480884
4560,10187563
4565,5544450
4566,9307105
4567,6880517
4570,3632089
4573,8397947
4578,11456405
4580,4544684
4583,9291039
4584,5168498
4585,10489539
4586,9569711
4587,12314973
4589,3632089
4594,6592335
4595,5651829
4597,9094763
4601,10338279
4602,4851239
4603,5009688
4606,10057494
4608,6587796
4609,9489953
4610,5305240
4614,8554701
4617,5951416
4620,4645833
4621,8940918
4627,6206559
4628,5024429
4629,9532117
4631,9821151
4632,8073705
4633,8330548
4634,4271474
4636,11497958
4637,11093538
4638,11044779
4639,6438379
4640,9145415
4642,9396760
4643,5119619
4644,9582496
4649,9885417
4650,3336476
4653,9083564
4654,7335713
4658,5185765
4659,5965819
4660,5965819
4662,11294883
4663,3832474
4667,5471566
4669,5814013
4670,7117355
4671,5653072
4672,2707985
4673,9899141
4674,8183288
4675,11305996
4676,5965819
4678,6859801
4679,7767733
4681,5201593
4684,9007609
4685,11038580
4688,6720773
4689,8056651
4691,10191036
4693,10420301
4696,12156174
4697,4634135
4700,4736644
4701,5876805
4702,5818068
4705,5273713
4711,1430305
4712,7117549
4714,12055539
4717,4774646
4719,10030778
4721,11153259
4722,9021075
4725,3445812
4726,4473613
4728,8960918
4729,4647662
4730,9822284
4734,9850966
4735,8747009
4736,8826007
4738,8620402
4742,5282477
4744,6681546
4745,6421137
4748,4548162
4752,8043721
4753,7985733
4756,6802536
4757,4750341
4759,6612327
4763,5280587
4764,8129005
4769,5709906
4773,10753922
4774,5980061
4776,4059887
4778,6852354
4780,5816811
4781,5303346
4782,3858879
4784,3120904
4785,3342467
4786,11757451
4787,2711597
4788,8047428
4789,11513486
4790,4851283
4795,9086001
4796,4927734
4797,11189311
4801,10031918
4802,5276332
4803,3544640
4804,10653179
4806,6497146
4807,8625813
4808,4651399
4811,7887890
4816,7052511
4817,4764774
4821,9910828
4823,11867608
4825,6584273
4828,5360974
4832,4670267
4833,7435780
4836,10556180
4838,12401132
4839,8308070
4841,6956136
4844,7799701
4845,6233483
4846,5392871
4849,4466356
4851,9474232
4852,3859151
4854,11456279
4856,5398002
4857,6680911
4858,10356124
4862,6286161
4864,6368175
4865,5471158
4866,4847843
4868,9656543
4871,6182846
4872,4939346
4873,6442602
4874,9851126
4876,11455428
4877,10484409
4882,3945802
4883,6265665
4887,8719419
4889,4349442
4891,3644542
4892,6182849
4893,9851142
4894,3442054
4895,4079530
4896,6445531
4897,10677186
4901,11657614
4904,9785921
4905,3102000
4906,6599975
4907,8266276
4909,4282191
4910,3559860
4911,10651945
4912,7117003
4913,3240159
4914,6147851
4915,9658118
4917,8589754
4918,3757590
4919,2437149
4920,9715925
4921,9529733
4922,9613070
4923,9967771
4924,10845188
4926,5709103
4930,3098843
4932,7288306
4933,5887393
4937,11860395
4939,6187888
4940,9529744
4941,12021387
4942,8044608
4943,8760135
4947,6956216
4948,6137704
4949,10275074
4950,9110346
4952,2995392
4953,3120308
4954,9991621
4955,8078502
4958,2852528
4960,7032421
4961,10798838
4962,8560940
4964,10292238
4965,8733497
4966,4255422
4967,9837544
4968,7877824
4969,6469946
4970,6947164
4971,6233903
4972,7212066
4973,7212066
4975,6675060
4976,5716508
4977,10518735
4979,8644365
4980,9489947
4981,6960487
4983,6309264
4984,7021177
4987,6364582
4988,6190535
4989,9834257
4991,9529744
4992,10748621
4995,6431670
4997,9636559
4998,8095110
4999,11499263
5000,10328393
5001,9775253
5002,3858988
5004,10798605
5005,5895083
5007,9714123
5009,2717158
5011,6198256
5013,2437112
5014,7987086
5015,7374746
5016,8668810
5018,8868907
5019,3865298
5020,10091110
5021,10091110
5022,3542574
5023,3544694
5025,9085563
5026,11337372
5029,5952448
5033,11874338
5034,9763612
5037,8868364
5038,10092312
5039,3964545
5040,9656397
5042,3735629
5043,8244173
5045,9886224
5046,3735634
5047,5730380
5048,6058875
5049,10735564
5051,3561464
5052,3561464
5053,5962509
5055,6359802
5059,6205566
5062,7287391
5063,6756202
5067,7025540
5068,7620844
5069,6677267
5072,8177798
5073,10489521
5074,12643582
5075,9328641
5077,5991070
5078,5531953
5079,3757778
5080,11754430
5082,11875511
5086,5213230
5088,6233466
5090,11249624
5091,6426592
5092,8491745
5093,3970117
5094,11147814
5095,10922659
5096,8892720
5097,6021275
5099,11754430
5100,6032920
5101,8409295
5102,7131760
5104,9468382
5105,6145201
5106,5986209
5107,9226339
5108,6525209
5110,5534965
5111,5512513
5112,9965206
5113,4247023
5114,4848423
5115,11403216
5116,11853878
5117,5774375
5119,8263752
5120,8263752
5124,9285265
5126,5780930
5128,4164393
5132,7288444
5134,10881457
5135,5513861
5136,9948002
5137,5264304
5138,10960995
5139,9592575
5141,5806800
5142,11671429
5145,5392897
5147,5282049
5148,11810124
5149,6023859
5150,3433668
5152,7503885
5153,3629330
5154,5471289
5156,9783760
5158,5529552
5160,9773869
5162,5023948
5163,5113053
5164,5817957
5165,11853878
5166,4743508
5167,11810124
5169,11241912
5172,9349757
5173,11519134
5178,7703955
5180,12164634
5181,5193077
5183,8880123
5185,10068919
5186,7353970
5187,12316447
5190,9785454
5191,8636333
5193,1995732
5194,6069674
5195,8081239
5197,3745559
5198,8356054
5199,9117416
5201,9117416
5204,7517261
5206,5653795
5207,8424002
5208,8635938
5209,10464666
5210,5024292
5211,4659255
5214,10657406
5215,3428468
5216,7091432
5220,6368230
5221,7115291
5222,9907505
5223,9027909
5226,9230021
5227,9230021
5228,3662838
5232,6058816
5234,5130740
5237,5879448
5238,7376490
5239,11968513
5241,7866921
5244,3098197
5246,9896558
5249,7045605
5250,8738775
5252,7877818
5253,5636642
5254,6515722
5255,6679504
5256,5560831
5257,5305404
5258,3728432
5259,6696580
5263,3955866
5264,11200767
5265,9892816
5267,4356766
5268,2167890
5269,5384079
5270,4935914
5271,11303811
5272,2437783
5273,12062660
5274,9777087
5275,5956776
5276,8883727
5278,6516874
5280,9161118
5281,3556229
5282,11911580
5283,9480535
5284,10583225
5285,5215251
5286,10383696
5287,9777090
5289,2446623
5290,9596089
5291,5738506
5292,9777087
5293,4247807
5295,7700590
5296,9053086
5298,5467113
5299,8240123
5300,5114623
5301,5114623
5304,5480736
5305,8487748
5306,9892856
5307,7137213
5309,3340313
5310,9892816
5311,4150804
5312,5021174
5313,9025971
5314,2581316
5316,6314185
5317,8620561
5318,8937019
5320,10352938
5321,10676927
5322,5649836
5324,3836399
5325,2581554
5327,10363115
5329,10491062
5330,9761615
5331,4058881
5333,2581316
5334,8621353
5335,10795103
5336,9394601
5337,8494410
5338,8494410
5339,6863161
5341,8543279
5344,7090867
5345,7612691
5347,8042789
5348,10095484
5350,6780367
5353,5471496
5354,4544620
5355,5784777
5356,6863187
5357,6949061
5359,2452440
5360,5020034
5362,6974867
5363,7102316
5364,11518142
5365,3114667
5366,12109845
5369,7115550
5370,9532637
5371,5305451
5372,7174349
5373,11824218
5375,10788461
5376,10788461
5377,10788461
5378,11667548
5379,8868649
5380,9715939
5384,5903301
5386,6200709
5388,7013923
5392,10555365
5393,5481426
5395,7289165
5396,12784167
5397,8949316
5398,8912730
5399,9784230
5400,11466960
5401,3124420
5402,4649440
5404,10083623
5405,11253711
5406,8043052
5407,5435816
5408,8559589
5409,4372765
5411,10268903
5412,7017437
5413,7220320
5414,9291378
5417,2697935
5419,3550434
5420,2558370
5422,5397166
5423,7024530
5424,5015459
5428,2438490
5430,6470521
5431,2449090
5432,5652260
5433,2569494
5434,12405950
5435,5206233
5436,7031066
5437,6775985
5438,11357192
5439,9533489
5440,11825057
5442,9692336
5443,9641008
5444,8588377
5447,8781480
5448,6783732
5449,11607176
5450,10661718
5452,8257205
5455,7770471
5457,6314173
5458,5688997
5465,8459354
5467,4164922
5468,12061969
5470,10328393
5471,10259029
5472,8299947
5473,3335813
5474,11858741
5475,6363494
5476,2576107
5477,9532421
5478,6936966
5479,5653849
5481,8127648
5482,11564013
5483,9405541
5484,8906045
5485,7031638
5487,5437945
5488,12009347
5489,4037163
5490,5535890
5491,5215980
5493,9178185
5496,5649206
5497,5193384
5500,9101496
5501,11450414
5503,8719324
5504,11241814
5505,5036537
5506,9837083
5507,12557548
5508,3657758
5509,7031726
5510,3338660
5511,3338674
5512,5546277
5513,8258160
5514,9752982
5515,4666008
5517,9517393
5518,8052474
5521,2441161
5522,3231120
5523,12216706
5524,12216706
5525,10735331
5526,7763269
5528,5471606
5529,11200405
5530,5475736
5531,9049673
5532,7031898
5533,9593759
5535,5020044
5536,11560037
5537,11911561
5538,6547322
5539,3440118
5540,9159265
5541,4472818
5542,5816806
5543,6531496
5544,9661869
5546,9411166
5547,3097352
5552,3459199
5553,6973796
5554,12023089
5555,6286155
5556,7831363
5557,8804845
5558,4663185
5560,5560830
5562,8211824
5563,5980800
5564,9592850
5565,6227560
5566,5866104
5567,8256044
5569,6960446
5570,8264097
5571,7515679
5572,9674592
5573,9674592
5576,6962901
5578,10581918
5579,3851949
5580,9097892
5583,9351316
5585,11614528
5586,8848288
5587,6590307
5588,5308419
5589,6312521
5590,4579321
5593,4386047
5594,5103998
5595,9655858
5597,10275880
5599,3547315
5600,6933781
5601,6148271
5602,5386904
5603,2997178
5607,10733174
5608,8564976
5610,11760860
5611,7910148
5612,12459731
5613,12735740
5614,4678875
5615,7812175
5616,7708193
5619,5215700
5620,8780959
5622,5565486
5623,8453214
5625,8556077
5626,7757698
5627,8625821
5630,9541322
5631,10470616
5632,10362031
5634,10963242
5636,9957351
5638,3732035
5639,5385697
5640,5385697
5641,8823833
5644,5103942
5647,8678664
5648,8832512
5652,9115681
5653,10481045
5654,8107034
5657,5110683
5658,7967861
5659,8179325
5661,5475494
5662,9412445
5663,7866914
5664,6057684
5666,5357470
5667,5443775
5668,5527172
5671,9366989
5672,9468717
5673,9528420
5674,9529744
5678,8495415
5681,12115188
5682,9850957
5683,12470954
5685,11568224
5687,9280239
5689,3245661
5690,5618071
5691,6312534
5692,6470917
5694,6611330
5696,9886255
5697,9973855
5698,10019399
5699,7841368
5701,10031707
5702,10092312
5703,10407054
5704,10880007
5705,8418129
5706,6525185
5707,10812504
5708,8107115
5709,10663411
5710,10090219
5711,9205938
5712,9899217
5716,6891366
5717,7448023
5718,6891637
5720,7137725
5722,10230571
5723,10294613
5724,7879648
5725,10491044
5726,10614012
5728,6525193
5731,7762723
5733,5980208
5734,5303557
5737,8036287
5738,9602562
5739,10668665
5740,10407020
5741,7380829
5742,7470491
5743,7768952
5745,9655129
5746,9899483
5749,10965740
5750,11187436
5751,11285136
5752,11298815
5757,7047824
5758,4479633
5760,8176019
5764,6421503
5766,7538434
5767,10487119
5768,10621666
5769,10747439
5771,10813841
5772,10879656
5774,12691412
5775,5024482
5776,8175131
5778,7177766
5779,5513897
5780,10664416
5781,9602613
5782,5807769
5783,11495766
5784,7282154
5786,2970804
5787,7552701
5788,7418173
5789,3228804
5790,11045383
5791,11391667
5792,11392017
5793,3446451
5794,6603756
5795,8460600
5796,12121470
5797,3327993
5798,5467124
5799,7906739
5800,2860114
5802,7199644
5803,11966253
5804,10275805
5805,5709889
5806,3119256
5807,9943435
5808,2442359
5809,7707742
5812,5471675
5814,8845574
5815,2021440
5817,3248019
5818,3328026
5819,7116024
5820,2014991
5821,12885212
5822,5894073
5823,10518424
5824,4245933
5825,7199724
5826,12935144
5827,6185496
5830,12170648
5832,7282168
5833,9851943
5834,5773121
5836,4814502
5840,3654950
5841,3836453
5843,3966262
5844,4144231
5845,9964670
5847,6525249
5848,11075429
5849,11705004
5850,6137681
5851,11244682
5852,9655419
5853,5895158
5856,5471690
5858,5350447
5859,4173026
5860,8934103
5861,7618364
5862,4150390
5863,4851464
5864,4913000
5865,4945877
5866,5110423
5867,2581191
5868,7379385
5869,6199702
5870,6307083
5871,6780158
5872,7199756
5873,4947556
5874,7362696
5875,3865595
5879,5288577
5880,11969988
5881,8483258
5882,4832225
5886,5306720
5887,5389540
5890,7116519
5891,9635510
5893,4077901
5895,10544677
5898,8552587
5899,6019872
5900,7679812
5901,4864734
5903,8282846
5904,5938970
5905,8381693
5906,4929299
5907,7375348
5908,10223615
5909,3342463
5910,6680177
5911,5565497
5912,5730389
5913,5802478
5914,5942093
5915,5992270
5920,4951249
5921,9156585
5922,3121340
5923,8636434
5924,5952366
5925,5952366
5926,6045250
5927,5598595
5928,6681233
5930,7351237
5931,7436215
5933,10216045
5934,8846163
5935,12366681
5936,1996399
5938,8435247
5939,8332986
5941,6364327
5942,6762829
5943,7369865
5944,7593110
5945,7810483
5946,7117147
5947,6634133
5948,7021534
5949,9277210
5950,9728465
5952,7200485
5953,9904006
5954,4544572
5956,10152836
5957,10651816
5959,6964043
5960,3644523
5962,6678383
5963,12644769
5964,6233890
5966,7918172
5968,8081187
5969,8111919
5970,8127586
5971,7117485
5972,2860793
5973,3851130
5974,7257363
5975,11922722
5976,12061969
5977,7203326
5978,8030339
5979,9899414
5981,7458309
5982,7777372
5983,7377200
5984,6312314
5985,6387969
5986,6468337
5988,10357040
5991,8127607
5992,8129042
5993,8180020
5994,8223328
5995,8444552
5996,6342333
5998,6032517
5999,4768846
6002,9282769
6003,10404582
6004,7777416
6007,3764714
6008,11392618
6009,4474645
6010,4570949
6011,4927315
6014,10861608
6015,10934313
6016,11497958
6017,7516809
6018,6115516
6020,6444896
6021,5640511
6023,10196493
6024,11442793
6025,11442793
6026,7812455
6027,9520443
6028,10601465
6029,7461307
6030,7269881
6032,10964265
6033,8672910
6035,7269493
6037,8753896
6038,11074835
6039,10812504
6042,7584650
6043,9758089
6044,10005758
6045,9823564
6046,9532424
6047,9950316
6048,6028860
6049,6778019
6050,4571536
6052,3336283
6053,5695904
6054,1725415
6055,11304987
6056,11709423
6057,8758136
6058,12405333
6059,10617638
6060,12833566
6061,9153554
6062,8161830
6064,7613246
6065,11551715
6067,11442793
6068,6312171
6069,10665043
6070,12352520
6071,7455981
6074,11237332
6075,8669092
6076,5474613
6080,8558011
6082,5281714
6084,5289857
6085,5303185
6088,5370944
6090,6364143
6091,6364307
6095,6369548
6098,3098843
6099,3958301
6100,5353137
6105,3970397
6106,3973549
6113,5391911
6115,5397106
6117,5425908
6122,6428602
6125,6447372
6128,8231667
6130,3439096
6131,3324644
6132,5437945
6133,1161949
6134,4077252
6135,4077767
6137,4144238
6141,4160006
6145,5440472
6146,5440651
6148,5446961
6149,5467126
6155,6525196
6156,6525398
6157,6526377
6159,1297263
6161,1572948
6162,1725193
6164,1870398
6167,4179201
6170,4245861
6171,4246343
6172,4253860
6173,4274816
6174,5470851
6175,5471108
6177,5525484
6180,5551240
6181,6527229
6183,6543674
6184,6548429
6186,6599305
6187,6600515
6188,6608090
6189,2010607
6194,2165352
6195,2305255
6198,4281023
6199,4281700
6201,4365461
6202,4366923
6203,4449752
6204,4455763
6205,5563057
6206,5565261
6207,5602409
6208,5603270
6209,5612111
6210,5616628
6211,5623137
6212,6611779
6214,6612973
6215,6615600
6217,6635813
6219,6677415
6220,2309910
6225,2452289
6227,2569488
6228,4459503
6229,4464689
6230,4469825
6231,4470888
6235,5623839
6236,5650420
6238,5653152
6239,5653163
6240,5685113
6242,5698524
6245,6864891
6249,7891264
6250,6880123
6251,6891512
6252,2569516
6253,2570432
6254,2574543
6255,2578811
6256,7897936
6257,2582800
6258,2707916
6260,4540508
6261,4565943
6263,4570555
6264,4586482
6265,4647949
6266,4678873
6267,4732015
6268,5709014
6269,5732636
6272,5780194
6273,5781991
6275,5791713
6276,6681473
6277,6688318
6279,6692742
6280,6695801
6281,6699562
6282,6707260
6283,6718474
6284,2710101
6285,2711123
6286,2833632
6287,2836076
6288,2850321
6292,4732137
6295,4740375
6296,4741777
6299,4760478
6301,5794687
6302,5817712
6304,5858519
6306,5869272
6307,5905728
6311,6762188
6313,6766583
6320,3117115
6322,3222680
6325,4769799
6328,4814168
6330,4819158
6332,5942112
6334,5949765
6336,5956038
6337,5963591
6341,6947062
6342,6948815
6343,6952570
6345,7011044
6346,7013635
6347,3240049
6353,3341982
6355,4840327
6356,4843751
6359,4902673
6363,5967194
6364,5980354
6366,5986270
6367,5989391
6374,3428359
6377,3449540
6378,3449870
6383,4927738
6384,4937140
6386,4945035
6387,6033602
6394,6047853
6395,3459529
6398,3542117
6399,3542928
6400,3545749
6401,3546821
6403,4946581
6405,4996558
6406,5006817
6407,5008775
6408,5015027
6409,5016163
6410,5024476
6411,6058896
6412,6062298
6413,6065010
6416,6116605
6417,6118840
6418,6129632
6421,3555178
6422,3632330
6423,3641216
6424,3644399
6425,3644649
6429,5037742
6430,5039053
6431,5080565
6432,5091808
6433,6139220
6435,6145939
6436,6149980
6437,6184894
6438,6195792
6442,3646515
6449,5105886
6451,5113146
6452,5130563
6453,5131276
6455,5174677
6457,6205384
6458,6205405
6459,6206470
6460,6263468
6462,6277594
6463,9002278
6464,6026438
6469,3763724
6471,3836450
6472,3836509
6473,3836522
6475,5179609
6476,5181086
6481,5199426
6483,6281127
6484,6285906
6485,6287131
6486,6289459
6490,6342980
6491,8753896
6494,4909707
6495,7919516
6496,6850665
6497,4948730
6498,3848665
6499,3848919
6500,3848948
6501,3852865
6502,3854101
6503,3858926
6504,3859890
6506,5213005
6509,5260419
6510,5262539
6511,5263802
6513,5271637
6520,6363560
6524,7130418
6525,12208887
6526,10711551
6527,7919867
6528,11081512
6530,3867593
6531,3941219
6532,3953106
6533,3953212
6536,3965326
6538,9268456
6539,9271739
6541,9274431
6546,10189542
6547,10191056
6550,10201891
6551,10208477
6552,10222603
6553,7581535
6554,7592339
6555,7598326
6556,7599004
6557,7618231
6558,7619667
6562,8509781
6563,8510197
6564,8516349
6567,8542879
6569,9306677
6572,9357578
6573,9362842
6575,9368524
6576,10227881
6577,10266852
6579,10292000
6582,10320341
6589,7674050
6591,7700561
6592,8546464
6594,8547366
6595,8547525
6599,8552607
6600,9390655
6606,9402859
6607,9407689
6612,10416390
6613,10419108
6617,7731281
6618,7743464
6620,7747197
6621,7750342
6622,7751133
6624,8560475
6625,8561192
6629,8575061
6630,8612291
6632,9412267
6634,9418508
6635,9449320
6636,9451521
6637,9455322
6638,9455526
6641,10480952
6646,10547378
6647,10548411
6652,7800285
6653,7804128
6654,7809049
6655,7811057
6656,8622875
6660,8655076
6662,8671707
6663,8676061
6664,9457533
6665,9463329
6676,10556891
6677,10579570
6679,10591578
6685,7837526
6687,7884986
6688,8677186
6690,8682751
6691,8715564
6693,8718273
6694,8737343
6696,9489348
6697,9517242
6701,9543302
6703,10799291
6707,10817600
6711,7885558
6715,7900727
6716,7902719
6717,7916058
6719,8742270
6720,8745553
6721,8747222
6723,8766285
6725,8812360
6727,9579072
6731,9594992
6733,9598315
6736,10616317
6737,10616656
6741,10661679
6744,7938499
6746,7948619
6748,7967210
6749,7970194
6750,7978202
6751,8823893
6752,8836224
6757,8891684
6758,8904714
6759,9645188
6761,9662475
6763,9705620
6764,9715631
6767,10677763
6770,10724569
6774,10777591
6780,8016211
6784,8935352
6786,8939211
6787,8939650
6789,8949512
6791,9758615
6792,9771920
6793,9775475
6795,9780149
6798,9837659
6801,10879247
6803,10905641
6804,10920086
6806,10958972
6808,8035322
6810,8037038
6813,8043968
6817,8975776
6818,8979500
6819,9003126
6820,9008125
6825,9845362
6827,9847239
6828,9848760
6829,9850843
6832,7022603
6833,7024045
6834,7035812
6835,7038988
6838,8075618
6842,8105398
6844,8106139
6847,9016592
6855,9875101
6857,9896438
6858,9899514
6859,9899607
6860,9908486
6863,7107567
6864,7109680
6867,7123614
6872,8155368
6874,8179747
6875,8192427
6878,9049550
6879,9049697
6883,9087071
6886,9911112
6887,9933600
6888,9934274
6891,9941387
6892,9941550
6896,7174911
6897,7176424
6898,7184556
6900,7189825
6903,8223655
6904,8229361
6905,8234889
6907,8241736
6910,9101279
6911,9108058
6913,9116075
6915,9117123
6916,9118858
6917,9137257
6919,9954225
6920,9957659
6921,9957668
6923,9967398
6928,7203858
6932,7207081
6937,8288404
6942,9141355
6943,9142225
6947,9153246
6951,10002266
6952,10004515
6953,10004772
6954,10006096
6955,10007492
6957,10018364
6958,7255910
6959,7256460
6960,7258902
6963,7345136
6964,7352727
6966,8308639
6967,8313697
6968,8351919
6970,8352016
6971,8364969
6975,9164003
6978,9178502
6980,9180282
6981,9181402
6982,10023469
6985,10074700
6988,10096697
6997,7456380
7000,8414914
7009,9216231
7015,10132552
7016,10132908
7017,10141271
7019,10158715
7020,10161534
7021,7458433
7023,7468295
7024,7516073
7025,7538450
7029,8442463
7030,8474892
7031,8480642
7032,8482513
7033,8487777
7034,8495232
7035,8499922
7036,8505674
7044,11465869
7046,11506938
7084,11924426
7087,11968514
7097,12156805
7098,12165063
7102,12257851
7103,12265150
7107,10964747
7116,12405436
7126,11037818
7130,12645262
7131,12645761
7135,12736658
7136,12835139
7139,11073238
7143,11090561
7153,11176166
7162,11338918
7165,11341314
7172,11401845
7179,8517303
7181,10055126
7184,9285265
7188,6525209
7189,6368175
7196,2445134
7198,3347485
7201,2707097
7202,2719873
7207,8590780
7208,8613338
7210,8653134
7211,8702921
7213,8957954
7214,8984706
7215,4247807
7217,8030339
7218,8037145
7220,5471675
7223,3530668
7226,3831911
7227,3852258
7228,3858919
7229,3869326
7230,3971315
7232,2997455
7233,3003991
7234,3003991
7235,3229028
7237,3230787
7243,9101400
7244,9119652
7246,9145861
7248,7100673
7249,7100673
7251,4150496
7253,6129694
7255,9899315
7257,4049124
7258,4275328
7259,4753561
7260,4912991
7262,5036966
7263,5254230
7265,3634051
7266,7967517
7268,3761319
7269,3761319
7270,3762553
7273,9282687
7275,9291629
7278,9304923
7279,9343862
7284,5385410
7285,3645438
7290,5385139
7291,5385150
7293,8210370
7295,5385566
7297,5386163
7298,5470960
7305,4285087
7307,9394605
7308,9471755
7309,9479460
7310,9549472
7311,9576197
7312,8110758
7313,9579860
7317,5796186
7318,5471068
7319,5471192
7320,5471217
7321,5471769
7322,5471770
7323,5556804
7324,5597970
7328,4547480
7332,4740676
7337,9774400
7338,9839081
7339,9974142
7341,10163066
7343,8780959
7344,8780959
7347,6592335
7348,5951416
7350,5643492
7351,5795648
7352,5961350
7353,10340423
7354,5979863
7359,4826439
7361,4990977
7362,5034333
7363,5039441
7364,8231299
7365,5121173
7371,10219361
7372,10228942
7373,10341878
7374,10357831
7377,6182019
7378,6191945
7379,6209347
7380,6268722
7381,6301030
7382,10480982
7386,5385548
7387,5385778
7392,5629353
7396,10414727
7397,10483644
7399,10601549
7400,10614158
7401,8505215
7404,6614926
7405,6628237
7406,6694186
7407,6934587
7408,7219906
7410,7295570
7411,7362852
7417,5814635
7420,10717220
7421,10728219
7423,8112324
7424,10971944
7425,10973583
7426,10989274
7427,11099351
7428,11147460
7429,10662202
7431,10743597
7432,4247991
7436,8042747
7437,9008737
7441,7537945
7442,7624297
7444,7695093
7447,5817566
7448,5952403
7453,4150539
7454,6182093
7456,11252617
7457,8245108
7458,11252617
7464,7830321
7465,7841986
7466,7877820
7467,7914906
7469,8019043
7470,8023317
7471,8126531
7473,6197038
7477,6362386
7478,8260269
7479,6449358
7480,6593968
7481,6674908
7483,11558882
7486,8042835
7487,2853780
7490,11673686
7491,8153568
7492,8167938
7493,8167978
7494,8168581
7495,8230809
7496,8364115
7500,4150624
7502,6967278
7503,7108433
7504,7119080
7505,7129465
7507,11724210
7511,11867071
7512,11975363
7513,12207117
7515,8580438
7517,8655458
7518,8695779
7519,8953059
7521,9214712
7522,9214715
7523,7190639
7524,7198881
7525,7198881
7529,7464205
7530,7622059
7531,12367464
7532,12470041
7536,8179286
7538,2581191
7540,9221398
7541,9411317
7545,9549471
7546,9649222
7547,9664215
7551,7835312
7552,7838906
7553,7908367
7554,7908367
7555,7940533
7556,4142847
7560,4665571
7561,6364215
7562,7047363
7565,9851123
7566,9966115
7571,10288922
7576,7974634
7578,8058507
7579,8095099
7582,12206313
7588,10122538
7589,10659313
7590,10710755
7592,10735519
7593,8197767
7597,11408935
7599,8181016
7600,8197761
7601,4840513
7604,8265156
7606,10122538
7610,6609270
7612,11125797
7617,11519226
7619,11756821
7620,11769146
7623,11826400
7624,12010534
7626,7116117
7627,7868092
7628,3337061
7629,9826171
7632,4735826
7633,5005618
7634,4663658
7635,10467815
7636,10847721
7637,10118942
7638,9471539
7639,5482603
7640,2305819
7642,10284575
7644,10338624
7645,5307990
7646,2142501
7648,8413968
7649,9008103
7650,4376629
7651,3958301
7652,8211605
7653,11098573
7655,9837586
7657,8308682
7658,11442793
7659,3344427
7660,6205481
7661,4474637
7662,8435232
7663,6462874
7665,11450414
7666,5217733
7670,5716244
7671,5725851
7672,5731312
7674,5736461
7675,5737869
7676,5771589
7679,6672229
7680,6676725
7681,6695622
7682,6695889
7683,6697716
7685,6698670
7686,7541746
7687,7584778
7688,7588436
7691,7597703
7695,8314801
7696,8316503
7698,8345358
7699,8358008
7701,8364119
7702,9278021
7703,9284741
7704,9286728
7705,9291368
7706,9291368
7707,9291748
7709,9304561
7710,9328852
7712,10091257
7714,10095512
7715,10098534
7717,10155080
7718,10156064
7721,11199725
7722,11200773
7723,11228612
7724,11232745
7725,11233911
7726,11234677
7727,11235323
7730,8652360
7731,5476671
7733,4919550
7738,3858757
7739,3858767
7740,3858884
7742,3938073
7743,3972391
7745,3973002
7746,5025217
7747,5025234
7748,5025294
7749,5026187
7750,5031804
7751,5031882
7752,5036516
7753,5036530
7755,5802285
7758,5809372
7760,5871918
7761,5894825
7763,6706287
7768,6774408
7769,6778289
7770,6781047
7771,6781535
7772,8440062
7774,7630658
7775,7631194
7776,7662209
7778,7668648
7779,7670485
7780,7670617
7781,8367298
7782,8374499
7783,8378656
7784,8378922
7786,8381592
7787,8382339
7789,8398290
7790,9328864
7791,9334490
7793,9344623
7794,9353182
7795,9357275
7796,9357375
7798,9394920
7799,8524110
7801,10164018
7802,10189523
7803,10198109
7804,10208759
7805,10214328
7806,10215422
7807,10257903
7808,10258558
7813,11251058
7817,4732015
7820,9214712
7821,9214715
7822,7838906
7823,1026032
7825,3973504
7826,4042088
7828,4067549
7829,4069063
7830,4069213
7831,4075064
7833,4076952
7834,5036530
7835,5036538
7836,5038469
7837,5039687
7838,5042785
7839,5078879
7840,5080346
7841,5080652
7842,5894972
7845,5952457
7846,5962514
7847,5962716
7849,5977541
7850,5977804
7851,6792124
7853,6806632
7854,6841577
7856,6852488
7859,8460634
7860,7671594
7861,7677005
7863,7691527
7864,7695445
7866,7700578
7867,7707736
7868,7733540
7869,8411947
7870,8414159
7871,8414216
7872,8415863
7873,8423903
7877,8445775
7880,9412462
7882,9451096
7884,9466042
7885,9468296
7886,10264202
7888,10268809
7889,10274244
7890,10275887
7892,10290447
7893,10292465
7894,10294608
7898,11295085
7901,11356602
7902,11358392
7903,1433531
7904,1717528
7906,2012722
7907,2013883
7910,2162994
7911,2167444
7912,4078693
7913,4142768
7914,4149684
7916,4157488
7917,4160669
7918,4171955
7919,4174507
7921,5083252
7923,5091075
7927,5094301
7928,5983348
7929,5990753
7932,6035335
7933,6041511
7934,6042116
7935,6042663
7937,6859813
7938,6863840
7939,6864569
7941,6864859
7943,6877673
7944,6877871
7947,7751562
7948,7755741
7951,7769815
7953,7798259
7955,8453324
7956,8479107
7957,8479386
7958,8488876
7959,8504570
7960,8509346
7961,8517433
7963,9474969
7966,9509207
7968,9520700
7969,9529294
7971,10296163
7972,10330495
7973,10332789
7977,10345862
7978,10346522
7979,10352603
7980,11359305
7981,11391181
7982,11401869
7985,11455795
7986,11457191
7987,11462556
7990,2305372
7991,2306740
7992,2308957
7994,2437452
7996,2438061
7997,4180396
7998,4245897
7999,4252226
8000,4261960
8001,4269252
8003,4281895
8008,5111801
8010,5113809
8012,5115379
8015,6046311
8016,6048106
8017,6048255
8021,6066107
8023,6890618
8024,6925263
8025,6927629
8027,6936977
8028,6939670
8030,6947837
8031,6949550
8034,7816680
8037,7846730
8038,7847927
8041,8543278
8042,8552500
8043,8552540
8044,8553788
8046,8559796
8047,8559863
8049,9529856
8050,9536048
8051,9540450
8052,9540675
8054,9541567
8057,8540376
8058,10363300
8061,10407047
8062,10407430
8063,10407464
8064,10417704
8065,10420279
8066,10422852
8068,11499757
8070,11502172
8071,11502179
8072,11506235
8074,11560382
8075,11560431
8076,2438062
8077,2438517
8078,2442084
8080,2450716
8082,2557430
8083,2568971
8084,4284147
8085,4349935
8086,4352168
8087,4356621
8088,4357985
8090,4372410
8092,4372961
8094,5125048
8095,5126627
8097,5164794
8099,5172274
8100,5174492
8102,6103049
8103,6109688
8105,6128141
8107,6131659
8108,6146838
8109,6950275
8110,6953219
8114,6967430
8115,7009828
8117,7870250
8120,7885570
8121,7886329
8124,7938468
8125,8560861
8126,8565900
8128,8569819
8129,8574270
8130,8581658
8131,8590527
8132,8604993
8133,8608490
8134,9579789
8139,9596187
8141,9597095
8143,10454401
8144,10462826
8146,10468514
8148,10481054
8149,10486425
8150,11560447
8151,11601357
8153,11615481
8154,11616200
8155,11616631
8156,11616663
8157,11618798
8158,2570505
8160,2571075
8162,2580872
8163,2583777
8166,2708172
8167,4375101
8169,4384793
8170,4445630
8171,4446411
8172,4454219
8173,4456622
8174,4482738
8175,4484312
8176,5174920
8177,5181455
8178,5193386
8180,5196851
8182,5211470
8184,6147573
8185,6152521
8186,6185717
8189,6206751
8190,6207053
8196,7031948
8197,7031992
8198,7032117
8199,7032174
8200,7032383
8203,7947631
8204,7950775
8205,7955301
8206,7960295
8207,7960547
8208,7967100
8209,8610483
8211,8618226
8216,8690001
8218,9597854
8219,9602431
8221,9630640
8223,9635529
8224,9637299
8227,10490960
8228,10491031
8232,10547685
8233,10549576
8234,10552700
8235,11619964
8237,11651105
8238,11662440
8241,11704044
8242,11706658
8243,2708445
8244,2708614
8245,2711114
8247,2720354
8250,2856960
8251,4484356
8253,4540632
8254,4544623
8255,4565985
8257,4569590
8258,4574310
8259,4575824
8260,5216727
8262,5255552
8264,5266937
8265,5269407
8267,5272571
8268,6228703
8271,6279823
8272,6283224
8273,6285094
8274,6285396
8275,6285397
8276,7032968
8277,7033713
8278,7033748
8279,7049486
8280,7050754
8281,7090801
8282,7097571
8284,7970629
8285,7970760
8292,8700506
8293,8701327
8295,8713828
8296,8719897
8297,8736245
8299,8739209
8300,8746310
8301,9640921
8302,9640921
8303,9641031
8304,9641103
8306,9644683
8309,10556578
8310,10583181
8312,10592163
8314,10601538
8315,10601579
8316,10613718
8317,8557246
8318,11709022
8319,11724091
8320,11757422
8321,11763910
8322,11768970
8325,11811454
8326,8560280
8327,2860594
8328,2860788
8331,2973509
8335,4578594
8336,4587448
8338,4661634
8339,4665989
8340,4671584
8343,4725292
8346,5284133
8347,5285607
8349,5288543
8350,5294739
8352,5298620
8354,6292732
8356,6311637
8358,6364126
8359,6364195
8360,6364200
8361,6364247
8362,7105574
8363,7115200
8364,7115332
8365,7115463
8366,7115597
8367,7115878
8368,7116043
8371,8009500
8372,8013289
8373,8016214
8376,8039925
8380,8758161
8382,8767034
8383,8773948
8384,8784288
8385,8804358
8389,9655424
8392,9665503
8393,9673173
8396,9711751
8397,10619109
8398,10646620
8399,10649230
8401,10661913
8402,10661976
8403,10662021
8405,8560927
8406,11817750
8409,11855538
8410,11858541
8412,11873171
8414,3102024
8415,3110937
8416,3115480
8417,3120320
8418,3127817
8419,3228740
8422,4729553
8423,4736208
8424,4737302
8425,4739194
8426,4739565
8427,4740688
8428,4753988
8430,5301955
8432,5307574
8434,5310435
8435,5343976
8436,5347537
8437,5347784
8440,6367628
8443,6384840
8444,6386784
8445,6390236
8447,7116236
8448,7117513
8449,7117541
8450,7118545
8451,7125636
8452,7128918
8453,7132015
8455,8088354
8457,8094140
8461,8098515
8463,8104436
8467,8841616
8468,8845221
8470,8848104
8471,8848115
8472,8868657
8474,9762514
8475,9762519
8476,9777062
8477,9786821
8478,9790965
8481,9818732
8485,10685175
8486,10686876
8487,10686930
8488,10711913
8489,10732401
8490,11906217
8492,11913071
8493,11918482
8494,11922648
8495,11922782
8496,11923819
8498,11966557
8504,3245000
8506,3247294
8507,3248332
8509,3323289
8511,4758350
8512,4758368
8515,4768756
8517,4773155
8519,4832273
8521,5359678
8523,5385469
8524,5385647
8525,5385667
8526,5388229
8527,5389184
8528,6421483
8529,6421937
8531,6428942
8533,6437993
8535,6443392
8536,7137798
8537,7177553
8538,7177892
8539,7185487
8540,7198648
8541,7199935
8542,7200102
8543,7200225
8546,8112013
8549,8123170
8550,8123937
8551,8128965
8552,8129189
8555,8879915
8557,8890996
8558,8906676
8559,8938628
8562,9821078
8565,9848420
8566,9850387
8567,9850912
8568,9852050
8569,9873869
8570,10736223
8571,10736489
8572,10743600
8574,10753734
8575,10794242
8576,10794405
8579,11967004
8581,11970288
8582,12004679
8583,12004680
8587,12022517
8588,6307521
8589,7037540
8594,4349442
8596,3327980
8597,3329643
8598,3335816
8599,3337438
8601,3339538
8602,3341934
8603,3343866
8604,4839180
8605,4840263
8606,4840818
8607,4847832
8608,4851217
8610,4851356
8611,4862332
8612,4862625
8613,5393558
8614,5397905
8615,5444392
8618,5462901
8620,5471010
8621,6447326
8622,6448768
8624,6449552
8627,6466939
8629,8429014
8630,7200301
8631,7203179
8634,7212722
8636,7280953
8637,7281217
8638,7281229
8639,8143170
8640,8145789
8644,8158324
8645,8162376
8647,8953281
8648,8953426
8649,8953475
8650,8957572
8654,8973000
8655,9881258
8656,9899153
8657,9899193
8659,9899421
8661,9899583
8662,9906489
8664,10816107
8666,10847907
8668,10849244
8671,12022718
8674,12071006
8675,12105785
8676,12106875
8677,12157983
8678,12164751
8679,12217907
8680,10028352
8690,3352751
8692,3427776
8694,3440230
8695,3441340
8696,3448323
8697,4862625
8698,4863369
8700,4902030
8701,4908495
8702,4912589
8703,4914709
8704,4914737
8705,5471141
8706,5471328
8708,5471480
8709,5475712
8710,5479973
8711,5513822
8712,5513833
8713,6471229
8714,6471230
8715,6521174
8717,6522353
8718,6522750
8721,6531801
8722,7281356
8723,7281399
8724,7281410
8725,7281616
8726,7281699
8727,7282008
8728,7285616
8730,8178616
8732,8183389
8733,8192861
8735,8195877
8736,8196180
8737,8210721
8739,9001468
8740,9005854
8741,9007918
8743,9024857
8746,9906802
8747,9906841
8749,9913481
8750,9913798
8752,9934208
8753,9936698
8755,10909274
8756,10920813
8758,10924400
8760,10936427
8761,10937609
8762,10965963
8763,12251779
8764,12268220
8765,12302391
8767,12306808
8770,12353720
8771,8565912
8778,2853828
8779,7008149
8781,3542573
8782,3543270
8783,3544678
8787,3556742
8788,4917014
8789,4931073
8790,4932691
8792,4940201
8793,4946680
8794,4947726
8797,5529501
8798,5529560
8799,5530881
8800,5534476
8801,5534702
8802,5535280
8804,5553624
8806,6543682
8807,6545018
8808,6548447
8810,6584167
8813,6591789
8814,6593363
8815,7336754
8817,7350067
8818,7362534
8819,7362632
8820,7365447
8821,7366036
8822,7366065
8823,8211521
8826,8229048
8828,8234477
8830,8240861
8831,9049010
8832,9083503
8834,9093566
8835,9098590
8836,9098810
8838,9101208
8841,9944421
8843,9953736
8846,9963009
8847,8545603
8848,10976412
8849,10979716
8850,10982373
8851,10987439
8853,10991989
8856,12356746
8857,12356914
8858,12365000
8860,12367017
8861,12367310
8862,12403968
8864,12418816
8866,9959492
8873,3558803
8874,3634169
8875,3644174
8876,3655326
8878,3656700
8881,4949027
8882,4949214
8883,4950341
8886,5000179
8888,5018787
8891,5598639
8892,5610698
8893,5616489
8895,5621294
8896,5621299
8897,5622250
8899,6594972
8900,6595662
8902,6606282
8903,6606669
8905,6610219
8907,7368103
8908,7369523
8909,7376982
8911,7381695
8912,7385387
8913,7385478
8914,7421876
8915,8243263
8916,8244295
8919,8262223
8920,8265520
8921,8265990
8923,9119405
8926,9159301
8927,9163674
8929,9172506
8930,9179531
8931,9963639
8934,10000490
8938,10020423
8939,11027270
8940,11027722
8941,11029877
8943,11071207
8945,11076279
8950,12470530
8952,12506342
8955,12557713
8957,2437112
8958,8719324
8959,5471690
8964,5078025
8969,3757588
8970,3764411
8973,5019567
8975,5021732
8976,5022440
8977,5022900
8978,5024126
8979,5024268
8980,5024372
8982,5647638
8983,5653126
8985,5696909
8987,5700330
8991,6629156
8992,6629588
8993,6636020
8997,7431665
9001,7461314
9003,7499571
9006,8285254
9007,8285970
9008,8288719
9009,8294484
9011,8301013
9012,8302455
9014,8311864
9015,9181340
9017,9205993
9018,9207508
9019,9210828
9021,9236858
9022,9243795
9024,10026136
9026,10031409
9027,10031526
9028,10031808
9030,10063044
9033,11134079
9034,11137061
9037,11147276
9038,11154043
9041,4548011
9042,2852941
9050,3831523
9051,3834364
9052,3836413
9053,3836439
9055,3851134
9056,3851193
9057,9595956
9058,9655792
9059,9970396
9061,10253638
9063,10341777
9064,10407271
9065,10471167
9068,11296798
9069,11463950
9072,12253534
9073,12304202
9075,9291039
9076,10155321
9078,4953173
9081,6363560
9085,10535708
9086,11453930
9087,4737267
9088,5955321
9089,6182093
9092,10621666
9093,5211470
9094,6665064
9096,3458687
9097,3749508
9098,3955867
9100,4074294
9101,4380560
9102,4384652
9103,7697568
9104,4483235
9105,4662363
9106,4680745
9107,4851195
9109,5024414
9110,5177065
9111,5268955
9114,5598645
9115,5696518
9117,5908086
9118,6307243
9119,6350522
9120,6385302
9125,6590362
9126,6628740
9128,7031126
9129,7031208
9130,7031742
9131,7032568
9132,7032687
9134,7116282
9135,7116859
9136,7133286
9138,7214090
9139,7281694
9140,7362450
9141,8007262
9143,8106973
9146,8258103
9151,8649876
9153,8846809
9154,8868686
9155,9025662
9156,8572936
9157,9837578
9158,7821010
9159,5473556
9160,6504534
9162,5652983
9164,9246715
9165,9292130
9166,9541144
9172,8749844
9174,8703491
9176,9079587
9177,8703506
9178,8590776
9179,8761550
9180,8686761
9181,8873450
9183,8750503
9184,8639155
9185,9021047
9186,8587439
9187,8712863
9188,9079915
9189,10208894
9190,10214873
9192,10268714
9193,10281311
9194,10341876
9199,10219288
9200,10226343
9201,10263598
9202,10266860
9203,4763020
9204,5128966
9205,5288744
9206,5305225
9207,5598216
9208,5637036
9209,5647008
9211,10404545
9212,10425070
9213,10425070
9214,10461045
9215,10493253
9217,10321927
9219,10322797
9222,10340212
9223,10383729
9224,5709226
9226,5791705
9228,5812648
9230,5872139
9231,10519701
9232,10664150
9233,10735575
9234,10753394
9235,10875937
9237,11087662
9238,10389280
9239,10397315
9242,10405482
9246,5955427
9247,5956977
9248,6043574
9249,6049470
9250,6105359
9252,11099109
9253,11124353
9255,11400356
9257,11449696
9258,11456839
9260,10462462
9261,10470882
9262,10470993
9263,10471005
9264,10471055
9266,6119605
9268,6286633
9269,6451125
9271,6516529
9273,11501492
9275,11649292
9276,11760931
9277,11854061
9280,10471243
9281,10471296
9282,10535886
9284,10535926
9285,10535991
9286,10536177
9287,6600492
9288,6685403
9289,6846544
9291,6887321
9292,6953281
9293,7020168
9294,12012872
9295,12069319
9296,12121118
9297,12252732
9298,12554051
9300,12555140
9302,10614845
9303,10616829
9304,10686909
9305,10730250
9307,10801951
9308,7049771
9309,7053328
9312,7185710
9313,7282872
9314,7340624
9315,12647110
9318,3662635
9319,3734501
9320,4169315
9328,10877024
9330,10920420
9332,7622473
9333,7662744
9335,7690521
9336,7747835
9337,7762886
9338,7811537
9339,4566999
9340,4569942
9342,4772095
9343,4847801
9344,5026023
9346,9101271
9347,9118340
9349,9159198
9354,11135119
9356,11145726
9360,7811537
9361,7874976
9362,7888957
9365,7959310
9366,8012732
9367,5391407
9368,5468555
9369,5638699
9371,5871116
9373,6032318
9374,9347066
9376,9392016
9377,9429631
9379,9518558
9388,8028465
9389,8129641
9390,8226720
9394,8588982
9395,6182508
9396,6195669
9398,6583107
9400,6946985
9401,7106438
9403,9531850
9404,9541094
9405,9579753
9406,9588880
9407,9592831
9408,9602658
9411,11565903
9413,11612241
9414,11661803
9415,11661803
9416,8608544
9418,8618147
9419,8630840
9420,8683144
9422,8740744
9423,7451315
9424,7751294
9426,8008913
9428,8108450
9429,8293631
9431,9639021
9436,9651155
9439,11724094
9440,11774383
9441,11804952
9442,11819135
9444,8742735
9445,8743244
9446,8743244
9448,8766268
9449,8808064
9450,8813404
9454,8873674
9457,9209808
9458,9656547
9459,9658192
9461,9710626
9462,9710792
9463,9770983
9465,11918793
9466,11922290
9467,11966668
9468,11967872
9469,12004656
9470,12008916
9471,12021943
9472,8815031
9473,8821936
9476,9075882
9477,9084832
9478,9093859
9479,9239670
9480,9388557
9481,9532997
9482,9536836
9484,10010452
9485,10226420
9486,9777990
9487,9813678
9489,9838537
9490,9838761
9491,9839062
9492,9851983
9496,12419303
9497,12453855
9501,9216810
9503,9340460
9504,9409493
9508,10459805
9512,11867733
9515,9899216
9516,9899256
9518,9899621
9519,9899623
9521,12644020
9524,2712825
9526,3533483
9528,9771576
9529,9827094
9531,9873604
9533,9899449
9534,9962731
9535,12117215
9537,9912977
9539,9941425
9541,9959765
9544,3954211
9545,4056579
9546,4276445
9547,4371172
9549,4645492
9550,4738095
9551,10023069
9553,10079317
9554,10079481
9555,10081899
9557,10205598
9558,10031643
9559,10090151
9561,10147276
9563,10156110
